Date,Close,Label,Open,High,Low,Volume,Buy to open,Buy to close,Sell to open,Sell to close,Position,Cost,Invest Amt,Duration,Profit,Profit %,Cum Profit,Principle,Daily Return
2020-01-02,134.6864776611328,1,134.47020738388545,135.19766331644652,134.35224723266663,11034100,1,0,0,0,51.0,134.6864776611328,6869.010360717773,1,0.0,0.0,0.0,10000.0,0.0
2020-01-03,136.7606658935547,-1,135.92509000217896,136.7999959355112,135.54170459319104,12366000,0,0,0,1,51.0,134.6864776611328,6869.010360717773,2,105.78359985351562,0.02,105.78359985351562,10105.783599853516,0.010578359985351504
2020-01-06,135.98406982421875,0,137.3210062480677,137.34067126901112,135.80711463575994,11369800,0,0,0,0,0.0,135.98406982421875,0.0,0,0.0,0.0,105.78359985351562,10105.783599853516,0.0
2020-01-07,135.31558227539062,0,135.87592282314176,136.1216830633804,135.30575726578635,8381200,0,0,0,0,0.0,135.31558227539062,0.0,0,0.0,0.0,105.78359985351562,10105.783599853516,0.0
2020-01-08,134.42103576660156,1,135.5908419916304,135.96440238282534,134.00816033423567,10621700,1,0,0,0,52.0,134.42103576660156,6989.893859863281,1,0.0,0.0,105.78359985351562,10105.783599853516,0.0
2020-01-09,134.89291381835938,1,133.69360236187637,135.10918408100505,133.6051322544354,7411500,0,0,0,0,52.0,134.42103576660156,6989.893859863281,2,0.0,0.0,105.78359985351562,10130.321258544922,0.002428080756821549
2020-01-10,136.09217834472656,1,135.33523268649233,136.12166837037086,135.2959176523043,8776000,0,0,0,0,52.0,134.42103576660156,6989.893859863281,3,0.0,0.0,105.78359985351562,10192.683013916016,0.006155950416527167
2020-01-13,135.67933654785156,1,135.54171139413032,135.7481416247038,135.06001585609758,5966900,0,0,0,0,52.0,134.42103576660156,6989.893859863281,4,0.0,0.0,105.78359985351562,10171.215240478516,-0.0021061945523264125
2020-01-14,136.37730407714844,0,135.83662840683235,136.46578918685006,135.79731335809055,13920300,0,0,0,0,52.0,134.42103576660156,6989.893859863281,5,0.0,0.0,105.78359985351562,10207.509552001953,0.003568335805046896
2020-01-15,137.28167724609375,-1,137.15389210903348,137.3898123620777,136.66237158183657,6290500,0,0,0,1,52.0,134.42103576660156,6989.893859863281,6,148.75335693359375,0.02,254.53695678710938,10254.53695678711,0.004607137965002783
2020-01-16,136.84912109375,-1,136.89826113543717,137.16368636060636,136.38709070179394,6798600,0,0,1,0,-52.0,136.84912109375,7116.154296875,1,0.0,0.0,254.53695678710938,10254.53695678711,0.0
2020-01-17,135.67933654785156,1,135.24679606472287,135.79729667960785,135.0305258231585,9693100,0,1,0,0,-52.0,136.84912109375,7116.154296875,2,60.82879638671875,0.01,315.3657531738281,10315.365753173828,0.005931891088115648
2020-01-21,137.104736328125,1,136.45592563566714,137.2816765169684,136.41661059370728,6794900,1,0,0,0,52.0,137.104736328125,7129.4462890625,1,0.0,0.0,315.3657531738281,10315.365753173828,0.0
2020-01-22,137.58644104003906,1,137.35050577245931,137.76338124071114,137.22270562751814,6317000,0,0,0,0,52.0,137.104736328125,7129.4462890625,2,0.0,0.0,315.3657531738281,10340.41439819336,0.002428284718050344
2020-01-23,138.54978942871094,1,138.46131934606504,138.98232983277612,138.39249928177557,9747400,0,0,0,0,52.0,137.104736328125,7129.4462890625,3,0.0,0.0,315.3657531738281,10390.508514404297,0.004844497936145498
2020-01-24,139.6704864501953,1,139.02167570021135,140.1325169842732,138.9037155638569,8585000,0,0,0,0,52.0,137.104736328125,7129.4462890625,4,0.0,0.0,315.3657531738281,10448.784759521484,0.00560860375951755
2020-01-27,141.84298706054688,1,141.50875670224048,141.84298706054688,141.0663912280095,10935200,0,0,0,0,52.0,137.104736328125,7129.4462890625,5,0.0,0.0,315.3657531738281,10561.754791259766,0.010811786665940959
2020-01-28,140.732177734375,1,141.4891086365378,141.64639882400715,140.39794733601602,10612900,0,0,0,0,52.0,137.104736328125,7129.4462890625,6,0.0,0.0,315.3657531738281,10503.992706298828,-0.005468985609165755
2020-01-29,142.1083984375,0,141.0073973649396,142.24602357157002,140.9975573553538,9566800,0,0,0,0,52.0,137.104736328125,7129.4462890625,7,0.0,0.0,315.3657531738281,10575.556182861328,0.006812978508599521
2020-01-30,142.12806701660156,-1,142.44263233092016,143.19957808727227,141.84297673173486,14711800,0,0,0,1,52.0,137.104736328125,7129.4462890625,8,261.21319580078125,0.04,576.5789489746094,10576.57894897461,9.67103853071194e-05
2020-01-31,143.42567443847656,-1,142.70805871579338,143.5141595275865,142.62941363659294,14538100,0,0,1,0,-51.0,143.42567443847656,7314.709396362305,1,0.0,0.0,576.5789489746094,10576.57894897461,0.0
2020-02-03,143.30947875976562,-1,142.72852457841532,143.52610828924136,141.9112431762907,15310700,0,0,0,0,-51.0,143.42567443847656,7314.709396362305,2,0.0,0.0,576.5789489746094,10582.504928588867,0.000560292665789941
2020-02-04,141.37954711914062,-1,141.7832672147457,141.93096235950932,140.8675122423961,11388300,0,0,0,0,-51.0,143.42567443847656,7314.709396362305,3,0.0,0.0,576.5789489746094,10680.931442260742,0.009300871044810366
2020-02-05,139.83358764648438,1,140.11915159869346,140.51301529664195,139.725272875808,10782600,0,1,0,0,-51.0,143.42567443847656,7314.709396362305,4,183.19642639160156,0.03,759.7753753662109,10759.775375366211,0.0073817469507866385
2020-02-06,140.4637908935547,1,140.0009927441733,140.6902768134227,139.82375857203826,6683100,1,0,0,0,53.0,140.4637908935547,7444.580917358398,1,0.0,0.0,759.7753753662109,10759.775375366211,0.0
2020-02-07,142.21649169921875,0,142.0097185250688,142.52175333119115,141.66507653490373,11374800,0,0,0,0,53.0,140.4637908935547,7444.580917358398,2,0.0,0.0,759.7753753662109,10852.668518066406,0.008633371930130362
2020-02-10,142.6103973388672,0,142.87626363792145,143.02395879020762,142.46268716164184,6699300,0,0,0,0,53.0,140.4637908935547,7444.580917358398,3,0.0,0.0,759.7753753662109,10873.545516967773,0.0019236742434924903
2020-02-11,141.8915557861328,0,142.3740365198639,142.5020489716386,141.73400431086174,7784100,0,0,0,0,53.0,140.4637908935547,7444.580917358398,4,0.0,0.0,759.7753753662109,10835.446914672852,-0.0035037883674161607
2020-02-12,141.1727294921875,1,141.1727294921875,141.34997865392995,140.79856352839394,5595500,0,0,0,0,53.0,140.4637908935547,7444.580917358398,5,0.0,0.0,759.7753753662109,10797.34912109375,-0.0035160334298266482
2020-02-13,141.7143096923828,1,141.24167028125913,141.9900172676163,141.07427746950566,7883400,0,0,0,0,53.0,140.4637908935547,7444.580917358398,6,0.0,0.0,759.7753753662109,10826.052871704102,0.0026584071968438483
2020-02-14,142.33465576171875,1,142.54142892560964,142.85653187526225,142.2361823337184,7137400,0,0,0,0,53.0,140.4637908935547,7444.580917358398,7,0.0,0.0,759.7753753662109,10858.931213378906,0.003036964816672816
2020-02-18,143.30947875976562,1,143.11254692158846,143.81167222579398,142.69898555393553,6909200,0,0,0,0,53.0,140.4637908935547,7444.580917358398,8,0.0,0.0,759.7753753662109,10910.59683227539,0.00475789171892238
2020-02-19,143.2996368408203,1,142.8959168079989,143.3882539138974,142.75806301934475,5707700,0,0,0,0,53.0,140.4637908935547,7444.580917358398,9,0.0,0.0,759.7753753662109,10910.075210571289,-4.780872321841212e-05
2020-02-20,144.42218017578125,1,143.84122593512092,144.68804644817777,143.76245018682056,9332900,0,0,0,0,53.0,140.4637908935547,7444.580917358398,10,0.0,0.0,759.7753753662109,10969.570007324219,0.005453197673218835
2020-02-21,145.7711944580078,1,145.53488221327888,146.59833238937685,145.38717203538403,13860300,0,0,0,0,53.0,140.4637908935547,7444.580917358398,11,0.0,0.0,759.7753753662109,11041.067764282227,0.006517826761693435
2020-02-24,147.94729614257812,1,148.5184089722772,148.64642142417364,147.7011275965838,15929300,0,0,0,0,53.0,140.4637908935547,7444.580917358398,12,0.0,0.0,759.7753753662109,11156.401153564453,0.010445854671350618
2020-02-25,148.7350311279297,1,147.90790846034062,149.43414134996277,147.83897405890738,20802900,0,0,0,0,53.0,140.4637908935547,7444.580917358398,13,0.0,0.0,759.7753753662109,11198.151107788086,0.0037422421127528693
2020-02-26,147.94729614257812,1,147.65189088239782,149.3947683950195,147.28756624230567,22589500,0,0,0,0,53.0,140.4637908935547,7444.580917358398,14,0.0,0.0,759.7753753662109,11156.401153564453,-0.003728289949096686
2020-02-27,149.55233764648438,1,150.35976276035106,150.73394380271762,148.51842662542876,30687900,0,0,0,0,53.0,140.4637908935547,7444.580917358398,15,0.0,0.0,759.7753753662109,11241.468353271484,0.007624967813195882
2020-02-28,152.9297637939453,1,152.08294329126585,153.5894937748213,151.79739435399676,45010800,0,0,0,0,53.0,140.4637908935547,7444.580917358398,16,0.0,0.0,759.7753753662109,11420.471939086914,0.015923505736982868
2020-03-02,151.8046112060547,1,153.1457464575823,154.32909755078302,151.62710026615554,28152400,0,0,0,0,53.0,140.4637908935547,7444.580917358398,17,0.0,0.0,759.7753753662109,11360.838851928711,-0.005221595699045234
2020-03-03,154.16146850585938,1,151.6764205001448,157.48471669902864,150.24653720038253,38608000,0,0,0,0,53.0,140.4637908935547,7444.580917358398,18,0.0,0.0,759.7753753662109,11485.75228881836,0.010995089228683419
2020-03-04,152.52447509765625,1,154.24034389996913,155.16730698694997,152.05113768730698,23463700,0,0,0,0,53.0,140.4637908935547,7444.580917358398,19,0.0,0.0,759.7753753662109,11398.991638183594,-0.007553762997242197
2020-03-05,156.32106018066406,1,154.95034246438863,156.61690167602265,154.63477419010653,17786200,0,0,0,0,53.0,140.4637908935547,7444.580917358398,20,0.0,0.0,759.7753753662109,11600.210647583008,0.017652351697968083
2020-03-06,164.45664978027344,1,164.97929666759018,166.98113626553,161.83354442879147,76288300,0,0,0,0,53.0,140.4637908935547,7444.580917358398,21,0.0,0.0,759.7753753662109,12031.396896362305,0.03717055335276509
2020-03-09,168.91390991210938,-1,176.61558457587165,177.20725252768793,167.9770910363908,41552800,0,0,0,1,53.0,140.4637908935547,7444.580917358398,22,1507.8563079833984,0.2,2267.6316833496094,12267.63168334961,0.019634859445018416
2020-03-10,160.25575256347656,-1,167.2868542612144,170.53121071816955,159.7824150510518,37728300,0,0,1,0,-53.0,160.25575256347656,8493.554885864258,1,0.0,0.0,2267.6316833496094,12267.63168334961,0.0
2020-03-11,154.35867309570312,0,163.13520960074834,164.71302101715247,153.4711635784288,29519300,0,0,0,0,-53.0,160.25575256347656,8493.554885864258,2,0.0,0.0,2267.6316833496094,12580.176895141602,0.02547722493300797
2020-03-12,155.31520080566406,-1,161.24182622579207,164.0522977830295,153.5007284202598,24361800,0,0,0,0,-53.0,160.25575256347656,8493.554885864258,3,0.0,0.0,2267.6316833496094,12529.480926513672,-0.004029829552516739
2020-03-13,151.8046112060547,1,152.84990492250074,156.00551285341115,150.07888647305873,19812900,0,1,0,0,-53.0,160.25575256347656,8493.554885864258,4,447.9104919433594,0.05,2715.5421752929688,12715.542175292969,0.014849876852086608
2020-03-16,161.63632202148438,-1,158.15528970693398,163.84524017632006,155.62093230241993,30496700,0,0,1,0,-55.0,161.63632202148438,8889.99771118164,1,0.0,0.0,2715.5421752929688,12715.542175292969,0.0
2020-03-17,150.85792541503906,-1,161.2320008773455,163.3324592818371,150.59168156862185,18570900,0,0,0,0,-55.0,161.63632202148438,8889.99771118164,2,0.0,0.0,2715.5421752929688,13308.353988647461,0.04662104102067777
2020-03-18,142.34764099121094,1,150.71986150248023,152.00183143579906,137.08170388340122,47061000,0,1,0,0,-55.0,161.63632202148438,8889.99771118164,3,1060.877456665039,0.12,3776.419631958008,13776.419631958008,0.035170814039799714
2020-03-19,146.2230987548828,1,144.91154634938306,151.32138010802376,143.23513129885555,21175300,1,0,0,0,65.0,146.2230987548828,9504.501419067383,1,0.0,0.0,3776.419631958008,13776.419631958008,0.0
2020-03-20,157.21844482421875,0,151.1734879167851,157.21844482421875,149.9999927040281,20863100,0,0,0,0,65.0,146.2230987548828,9504.501419067383,2,0.0,0.0,3776.419631958008,14491.117126464844,0.0518783191569534
2020-03-23,163.69732666015625,0,155.31523463237716,164.37775771465735,154.3981423743114,19971800,0,0,0,0,65.0,146.2230987548828,9504.501419067383,3,0.0,0.0,3776.419631958008,14912.244445800781,0.029061066559654014
2020-03-24,160.65017700195312,0,159.01320028998347,163.15493645090226,158.1848560672247,11948600,0,0,0,0,65.0,146.2230987548828,9504.501419067383,4,0.0,0.0,3776.419631958008,14714.179718017578,-0.013282019920145327
2020-03-25,160.28530883789062,0,161.32074670169968,164.36787994757637,159.3780724854189,10750600,0,0,0,0,65.0,146.2230987548828,9504.501419067383,5,0.0,0.0,3776.419631958008,14690.463287353516,-0.0016118078695900317
2020-03-26,161.07420349121094,0,161.72505182327305,163.38174025347695,160.0190539654054,10576200,0,0,0,0,65.0,146.2230987548828,9504.501419067383,6,0.0,0.0,3776.419631958008,14741.741439819336,0.003490574222391185
2020-03-27,165.3737335205078,0,163.22398078108128,165.91610716255943,162.3068735232257,12550000,0,0,0,0,65.0,146.2230987548828,9504.501419067383,7,0.0,0.0,3776.419631958008,15021.210891723633,0.018957695944212816
2020-03-30,164.0128631591797,0,165.9653929452299,167.75028272891893,163.63812959677037,13473200,0,0,0,0,65.0,146.2230987548828,9504.501419067383,8,0.0,0.0,3776.419631958008,14932.754318237305,-0.0058887778171775595
2020-03-31,162.68161010742188,1,163.40147965612073,164.60455755785074,162.27729383532184,11464800,0,0,0,0,65.0,146.2230987548828,9504.501419067383,9,0.0,0.0,3776.419631958008,14846.222869873047,-0.0057947413129657566
2020-04-01,164.9608612060547,0,166.38294006393812,166.85697639580874,164.32882783242476,11334700,0,0,0,0,65.0,146.2230987548828,9504.501419067383,10,0.0,0.0,3776.419631958008,14994.37419128418,0.00997905815571265
2020-04-02,166.00770568847656,0,166.72861533446743,167.11376049535204,165.17814951445337,5771200,0,0,0,0,65.0,146.2230987548828,9504.501419067383,11,0.0,0.0,3776.419631958008,15062.419082641602,0.004538028095695701
2020-04-03,166.4026641845703,-1,166.45204484350123,168.20988780563945,166.04714453667376,6570800,0,0,0,1,65.0,146.2230987548828,9504.501419067383,12,1311.6717529296875,0.14,5088.091384887695,15088.091384887695,0.001704394367547435
2020-04-06,165.96815490722656,-1,164.9213511373727,166.17554766769902,164.45720002147704,9434800,0,0,1,0,-63.0,165.96815490722656,10455.993759155273,1,0.0,0.0,5088.091384887695,15088.091384887695,0.0
2020-04-07,164.23008728027344,-1,162.9067697126933,164.34858883293293,161.67232830960776,13811400,0,0,0,0,-63.0,165.96815490722656,10455.993759155273,2,0.0,0.0,5088.091384887695,15197.589645385742,0.007257263871540465
2020-04-08,163.03514099121094,1,163.05489627289634,164.12145545093634,162.08709843441855,10147100,0,1,0,0,-63.0,165.96815490722656,10455.993759155273,3,184.77987670898438,0.02,5272.87126159668,15272.87126159668,0.00495352341835309
2020-04-09,163.33140563964844,-1,162.2352211023811,163.72642084976496,161.74144455530327,14260800,0,0,1,0,-65.0,163.33140563964844,10616.541366577148,1,0.0,0.0,5272.87126159668,15272.87126159668,0.0
2020-04-13,161.84019470214844,1,162.69936101262192,163.64741854776014,161.84019470214844,8750300,0,1,0,0,-65.0,163.33140563964844,10616.541366577148,2,96.9287109375,0.01,5369.79997253418,15369.79997253418,0.00634646290650176
2020-04-14,161.8007049560547,1,161.8007049560547,162.68951183499178,161.4451852182529,9019100,1,0,0,0,66.0,161.8007049560547,10678.84652709961,1,0.0,0.0,5369.79997253418,15369.79997253418,0.0
2020-04-15,166.08668518066406,1,164.7238720505695,166.5014707733728,164.664621271287,10027800,0,0,0,0,66.0,161.8007049560547,10678.84652709961,2,0.0,0.0,5369.79997253418,15652.674667358398,0.01840457880582158
2020-04-16,167.97288513183594,0,167.15321433855777,168.20003317003568,166.9162112640715,8265400,0,0,0,0,66.0,161.8007049560547,10678.84652709961,3,0.0,0.0,5369.79997253418,15777.163864135742,0.007953222016231498
2020-04-17,165.72128295898438,0,167.70627432997318,168.71356764031813,165.188010916382,8612100,0,0,0,0,66.0,161.8007049560547,10678.84652709961,4,0.0,0.0,5369.79997253418,15628.558120727539,-0.009419040373029874
2020-04-20,167.0544891357422,0,166.34344968493957,167.18286079431437,165.86942840735944,6462600,0,0,0,0,66.0,161.8007049560547,10678.84652709961,5,0.0,0.0,5369.79997253418,15716.549728393555,0.005630180787395522
2020-04-21,169.157958984375,0,169.78999234737086,170.00725522860668,168.65431234270866,7850700,0,0,0,0,66.0,161.8007049560547,10678.84652709961,6,0.0,0.0,5369.79997253418,15855.37873840332,0.00883330071860211
2020-04-22,167.4297637939453,0,167.85441950802877,168.2691900459851,166.61010789415977,6230200,0,0,0,0,66.0,161.8007049560547,10678.84652709961,7,0.0,0.0,5369.79997253418,15741.317855834961,-0.007193828949168646
2020-04-23,168.31854248046875,-1,167.75563001484215,168.80243382580016,167.498871649337,5968600,0,0,0,1,66.0,161.8007049560547,10678.84652709961,8,430.1772766113281,0.04,5799.977249145508,15799.977249145508,0.0037264601253701457
2020-04-24,168.71353149414062,-1,167.4988456631635,168.71353149414062,167.45935017800687,6211800,0,0,1,0,-65.0,168.71353149414062,10966.37954711914,1,0.0,0.0,5799.977249145508,15799.977249145508,0.0
2020-04-27,165.5731658935547,0,167.54827220724937,167.63714837483798,165.35590299353902,9039500,0,0,0,0,-65.0,168.71353149414062,10966.37954711914,2,0.0,0.0,5799.977249145508,16004.101013183594,0.01291924417480561
2020-04-28,167.4791259765625,-1,166.4520773867625,167.7358994256608,166.3533160495917,9905400,0,0,0,0,-65.0,168.71353149414062,10966.37954711914,3,0.0,0.0,5799.977249145508,15880.213607788086,-0.007740978721232361
2020-04-29,166.6100616455078,0,167.41984721324698,168.14075663370903,165.86939694714135,8619600,0,0,0,0,-65.0,168.71353149414062,10966.37954711914,4,0.0,0.0,5799.977249145508,15936.70278930664,0.003557205394948193
2020-04-30,164.66464233398438,-1,166.63974892999244,167.12364040193924,164.63501694055364,11606100,0,0,0,0,-65.0,168.71353149414062,10966.37954711914,5,0.0,0.0,5799.977249145508,16063.155044555664,0.007934656052811073
2020-05-01,166.07467651367188,-1,165.62970420661972,166.23289358368473,164.5815425225026,10209400,0,0,0,0,-65.0,168.71353149414062,10966.37954711914,6,0.0,0.0,5799.977249145508,15971.502822875977,-0.005705742204782593
2020-05-04,165.29351806640625,-1,165.6890456860911,165.8077009543143,164.62110300684807,8300900,0,0,0,0,-65.0,168.71353149414062,10966.37954711914,7,0.0,0.0,5799.977249145508,16022.278121948242,0.003179118435839401
2020-05-05,164.23545837402344,-1,163.72127548587332,164.4134563648535,163.42462222676423,7831800,0,0,0,0,-65.0,168.71353149414062,10966.37954711914,8,0.0,0.0,5799.977249145508,16091.052001953125,0.004292390849879979
2020-05-06,161.5853729248047,1,161.40737495292342,161.8128005275992,160.24055803662918,14721500,0,1,0,0,-65.0,168.71353149414062,10966.37954711914,9,463.33030700683594,0.04,6263.307556152344,16263.307556152344,0.010705052359429867
2020-05-07,164.28488159179688,-1,161.73368803889832,164.51230918902922,161.51614334992493,9164800,0,0,1,0,-69.0,164.28488159179688,11335.656829833984,1,0.0,0.0,6263.307556152344,16263.307556152344,0.0
2020-05-08,162.1490020751953,1,162.65331709348638,163.55314460502964,161.85234884474357,8130500,0,1,0,0,-69.0,164.28488159179688,11335.656829833984,2,147.3756866455078,0.01,6410.683242797852,16410.68324279785,0.009061852033275697
2020-05-11,160.88331604003906,1,161.83260347977262,162.38634819944554,160.29002459256606,8713500,1,0,0,0,71.0,160.88331604003906,11422.715438842773,1,0.0,0.0,6410.683242797852,16410.68324279785,0.0
2020-05-12,162.53463745117188,0,161.33815677761632,163.0883820691886,161.30849296510894,10057300,0,0,0,0,71.0,160.88331604003906,11422.715438842773,2,0.0,0.0,6410.683242797852,16527.92706298828,0.007144359467293082
2020-05-13,163.67181396484375,0,163.24660748312724,164.43320530938016,162.9895160654356,13305600,0,0,0,0,71.0,160.88331604003906,11422.715438842773,3,0.0,0.0,6410.683242797852,16608.666595458984,0.004885036832689593
2020-05-14,165.2737274169922,-1,165.45172539724652,166.27244440529557,165.18473597107032,10080000,0,0,0,1,71.0,160.88331604003906,11422.715438842773,4,311.7192077636719,0.03,6722.402450561523,16722.402450561523,0.0068479823138623
2020-05-15,164.8485107421875,-1,166.4207530661691,166.60863392659616,164.4727490213334,7225600,0,0,1,0,-71.0,164.8485107421875,11704.244262695312,1,0.0,0.0,6722.402450561523,16722.402450561523,0.0
2020-05-18,161.22938537597656,1,163.08838302038808,163.21693626760933,160.60641513286973,10074000,0,1,0,0,-71.0,164.8485107421875,11704.244262695312,2,256.95790100097656,0.02,6979.3603515625,16979.3603515625,0.015366087603778888
2020-05-19,161.8325653076172,0,160.70529522605946,161.87211202608918,160.66573341917902,8639100,0,0,0,0,0.0,161.8325653076172,0.0,0,0.0,0.0,6979.3603515625,16979.3603515625,0.0
2020-05-20,162.31710815429688,0,161.34805498090464,162.86096991583713,161.0612997366801,10927300,0,0,0,0,0.0,162.31710815429688,0.0,0,0.0,0.0,6979.3603515625,16979.3603515625,0.0
2020-05-21,162.72251892089844,0,163.0191721354721,163.5135891302917,162.45552951894123,8920000,0,0,0,0,0.0,162.72251892089844,0.0,0,0.0,0.0,6979.3603515625,16979.3603515625,0.0
2020-05-22,163.7014617919922,-1,162.88072781114653,163.82999994408016,162.77195547420533,4956700,0,0,1,0,-72.0,163.7014617919922,11786.505249023438,1,0.0,0.0,6979.3603515625,16979.3603515625,0.0
2020-05-26,161.5062713623047,-1,161.88203313928673,161.96112658752554,161.16017340051485,8098900,0,0,0,0,-72.0,163.7014617919922,11786.505249023438,2,0.0,0.0,6979.3603515625,17137.4140625,0.009308578631052722
2020-05-27,161.2095947265625,0,160.97226915105597,162.07977341501143,160.77450538233805,8047400,0,0,0,0,-72.0,163.7014617919922,11786.505249023438,3,0.0,0.0,6979.3603515625,17158.774780273438,0.001246437630294528
2020-05-28,160.61630249023438,-1,160.15156438256466,160.75475373779057,159.85491115913376,10272600,0,0,0,0,-72.0,163.7014617919922,11786.505249023438,4,0.0,0.0,6979.3603515625,17201.491821289062,0.0024895158053321875
2020-05-29,161.76336669921875,-1,160.8932029518684,162.25778374891752,160.53722207254884,14662100,0,0,0,0,-72.0,163.7014617919922,11786.505249023438,5,0.0,0.0,6979.3603515625,17118.903198242188,-0.0048012477001943
2020-06-01,160.6742401123047,-1,160.49602846191968,160.83266054007146,160.07027545077187,13341400,0,0,0,0,-72.0,163.7014617919922,11786.505249023438,6,0.0,0.0,6979.3603515625,17197.3203125,0.004580732383945296
2020-06-02,160.090087890625,-1,160.0702815594474,160.48612386735215,159.65443925154267,11517100,0,0,0,0,-72.0,163.7014617919922,11786.505249023438,7,0.0,0.0,6979.3603515625,17239.379272460938,0.00244566939480495
2020-06-03,157.9613494873047,-1,158.59501610078266,158.74354091963446,157.36729553530876,12255700,0,0,0,0,-72.0,163.7014617919922,11786.505249023438,8,0.0,0.0,6979.3603515625,17392.6484375,0.008890642906377977
2020-06-04,155.6742401123047,1,157.34752035782324,157.43662620209415,155.63464255078654,14038600,0,1,0,0,-72.0,163.7014617919922,11786.505249023438,9,577.9599609375,0.05,7557.3203125,17557.3203125,0.009467901084285302
2020-06-05,154.5653076171875,1,153.08014996861078,154.61481589370104,151.64450059654757,17778500,1,0,0,0,79.0,154.5653076171875,12210.659301757812,1,0.0,0.0,7557.3203125,17557.3203125,0.0
2020-06-08,155.1593780517578,1,153.5356062796863,155.29799216250274,153.51579994734988,10346700,0,0,0,0,79.0,154.5653076171875,12210.659301757812,2,0.0,0.0,7557.3203125,17604.251876831055,0.002673048249717258
2020-06-09,156.92173767089844,1,157.47619402107998,158.06035231089248,156.7336153147006,9095300,0,0,0,0,79.0,154.5653076171875,12210.659301757812,3,0.0,0.0,7557.3203125,17743.478286743164,0.007908680862226625
2020-06-10,159.24847412109375,1,157.66431528975957,159.30787799994596,157.47619293485934,13135500,0,0,0,0,79.0,154.5653076171875,12210.659301757812,4,0.0,0.0,7557.3203125,17927.290466308594,0.01035942201382034
2020-06-11,162.2584228515625,-1,161.63465182625018,162.60495055955485,161.02079152058047,17086400,0,0,0,1,79.0,154.5653076171875,12210.659301757812,5,607.756103515625,0.05,8165.076416015625,18165.076416015625,0.013263909019263664
2020-06-12,160.69406127929688,0,160.80297344496674,162.04060482403125,160.44653500348397,9716100,0,0,0,0,0.0,160.69406127929688,0.0,0,0.0,0.0,8165.076416015625,18165.076416015625,0.0
2020-06-15,160.7831573486328,0,162.26831491331916,162.59505139048665,160.53563108785173,7759800,0,0,0,0,0.0,160.7831573486328,0.0,0,0.0,0.0,8165.076416015625,18165.076416015625,0.0
2020-06-16,158.3177947998047,0,157.8326529840401,159.63463635708828,157.12967173624045,13698900,0,0,0,0,0.0,158.3177947998047,0.0,0,0.0,0.0,8165.076416015625,18165.076416015625,0.0
2020-06-17,158.9712677001953,0,158.68414387718792,159.1791964124316,157.7633383055764,7113900,0,0,0,0,0.0,158.9712677001953,0.0,0,0.0,0.0,8165.076416015625,18165.076416015625,0.0
2020-06-18,160.65443420410156,0,160.43660989230065,160.87225851590247,160.01087198783748,7691400,0,0,0,0,0.0,160.65443420410156,0.0,0,0.0,0.0,8165.076416015625,18165.076416015625,0.0
2020-06-19,160.7831573486328,0,159.40691194300226,160.89206950768863,159.31780611499406,8565500,0,0,0,0,0.0,160.7831573486328,0.0,0,0.0,0.0,8165.076416015625,18165.076416015625,0.0
2020-06-22,160.80296325683594,1,161.57524397981777,161.8029639089524,160.46633116893187,9319700,1,0,0,0,79.0,160.80296325683594,12703.434097290039,1,0.0,0.0,8165.076416015625,18165.076416015625,0.0
2020-06-23,159.7039337158203,1,159.88214535759616,160.4564080496563,159.52570696624167,9088600,0,0,0,0,79.0,160.80296325683594,12703.434097290039,2,0.0,0.0,8165.076416015625,18078.25308227539,-0.004779684475408219
2020-06-24,161.41680908203125,1,159.9316516543432,161.47621296189035,159.92175604363422,11436500,0,0,0,0,79.0,160.80296325683594,12703.434097290039,3,0.0,0.0,8165.076416015625,18213.570236206055,0.007485079078981105
2020-06-25,161.88218688964844,1,162.5851681712824,162.72378228357294,161.78317033466726,10968000,0,0,0,0,79.0,160.80296325683594,12703.434097290039,4,0.0,0.0,8165.076416015625,18250.335083007812,0.002018541467980528
2020-06-26,163.61483764648438,-1,162.62473272880518,163.6841522424669,162.55541813282264,12119300,0,0,0,1,79.0,160.80296325683594,12703.434097290039,5,222.13807678222656,0.02,8387.214492797852,18387.21449279785,0.007500103925077051
2020-06-29,163.10000610351562,0,163.21882898679087,163.63467130874264,162.7534783891248,7274400,0,0,0,0,0.0,163.10000610351562,0.0,0,0.0,0.0,8387.214492797852,18387.21449279785,0.0
2020-06-30,162.30792236328125,0,163.59506201937853,163.65446590833912,161.86237808827198,14841700,0,0,0,0,0.0,162.30792236328125,0.0,0,0.0,0.0,8387.214492797852,18387.21449279785,0.0
2020-07-01,161.99269104003906,1,161.38801816331588,162.1314676777041,160.73377896052963,13181000,1,0,0,0,79.0,161.99269104003906,12797.422592163086,1,0.0,0.0,8387.214492797852,18387.21449279785,0.0
2020-07-02,162.1612091064453,1,161.2789829290494,162.3099080889059,160.8230090174171,7599800,0,0,0,0,79.0,161.99269104003906,12797.422592163086,2,0.0,0.0,8387.214492797852,18400.527420043945,0.0007240317586607592
2020-07-06,161.49708557128906,1,160.91224215035885,161.59621824032067,160.33730594612314,7972700,0,0,0,0,79.0,161.99269104003906,12797.422592163086,3,0.0,0.0,8387.214492797852,18348.0616607666,-0.0028513182301607154
2020-07-07,163.76707458496094,1,161.99269984389792,163.8959288891048,161.7746200977838,12791900,0,0,0,0,79.0,161.99269104003906,12797.422592163086,4,0.0,0.0,8387.214492797852,18527.39079284668,0.00977373716066876
2020-07-08,163.1128387451172,1,162.8848517787095,163.47960235962347,162.3991259476042,7253900,0,0,0,0,79.0,161.99269104003906,12797.422592163086,5,0.0,0.0,8387.214492797852,18475.706161499023,-0.002789633571480099
2020-07-09,165.7099609375,0,163.22188833932495,165.98751425022385,163.1624147902443,13373100,0,0,0,0,79.0,161.99269104003906,12797.422592163086,6,0.0,0.0,8387.214492797852,18680.878814697266,0.011104996550864943
2020-07-10,164.8772735595703,0,166.48311961957933,166.74085845672943,164.70876015671294,8478000,0,0,0,0,79.0,161.99269104003906,12797.422592163086,7,0.0,0.0,8387.214492797852,18615.09651184082,-0.0035213708899332063
2020-07-13,165.4224853515625,0,164.05453334513462,165.50178845162554,163.78688727311183,8054000,0,0,0,0,79.0,161.99269104003906,12797.422592163086,8,0.0,0.0,8387.214492797852,18658.168243408203,0.0023138065139756137
2020-07-14,165.66036987304688,0,166.4632929168084,166.67146543303343,165.52159323740312,11344600,0,0,0,0,79.0,161.99269104003906,12797.422592163086,9,0.0,0.0,8387.214492797852,18676.96112060547,0.0010072198380945974
2020-07-15,164.88720703125,0,164.47087706515478,165.49187998509515,164.3816667421746,7840300,0,0,0,0,79.0,161.99269104003906,12797.422592163086,10,0.0,0.0,8387.214492797852,18615.881256103516,-0.003270332047463853
2020-07-16,165.67030334472656,0,165.93793429361648,166.30471302536915,165.58107790291004,9107400,0,0,0,0,79.0,161.99269104003906,12797.422592163086,11,0.0,0.0,8387.214492797852,18677.745864868164,0.003323216769249848
2020-07-17,165.3233642578125,1,165.80909010760035,165.93794441938508,165.0160741770262,8549900,0,0,0,0,79.0,161.99269104003906,12797.422592163086,12,0.0,0.0,8387.214492797852,18650.337677001953,-0.0014674248201311801
2020-07-20,165.729736328125,1,166.0469335280553,166.155973374238,165.3431432599347,6907200,0,0,0,0,79.0,161.99269104003906,12797.422592163086,13,0.0,0.0,8387.214492797852,18682.44107055664,0.0017213304182837064
2020-07-21,165.8289031982422,1,165.8388255398136,166.25515549675458,165.62074578253203,8455100,0,0,0,0,79.0,161.99269104003906,12797.422592163086,14,0.0,0.0,8387.214492797852,18690.2752532959,0.0004193339997524692
2020-07-22,166.32452392578125,1,166.7904201794671,166.98868548994415,166.2254063960623,6592100,0,0,0,0,79.0,161.99269104003906,12797.422592163086,15,0.0,0.0,8387.214492797852,18729.429290771484,0.0020948882210112263
2020-07-23,168.26739501953125,0,167.4446424659347,168.3962644332024,167.0084830278336,10471800,0,0,0,0,79.0,161.99269104003906,12797.422592163086,16,0.0,0.0,8387.214492797852,18882.916107177734,0.008194954262801701
2020-07-24,168.2574920654297,0,167.53385701320428,168.435912680706,167.39508038170544,7520700,0,0,0,0,79.0,161.99269104003906,12797.422592163086,17,0.0,0.0,8387.214492797852,18882.13377380371,-4.1430749868398564e-05
2020-07-27,167.6329803466797,1,168.7630228905295,168.81258921163612,167.5140332764379,6146400,0,0,0,0,79.0,161.99269104003906,12797.422592163086,18,0.0,0.0,8387.214492797852,18832.79734802246,-0.002612862845495667
2020-07-28,168.7927703857422,0,168.0592281130897,168.85224392464292,167.95018824993213,8520700,0,0,0,0,79.0,161.99269104003906,12797.422592163086,19,0.0,0.0,8387.214492797852,18924.4207611084,0.004865098444632121
2020-07-29,168.5053253173828,1,168.56479886172303,168.9018256966641,167.50413690258972,6733700,0,0,0,0,79.0,161.99269104003906,12797.422592163086,20,0.0,0.0,8387.214492797852,18901.712600708008,-0.0011999395219037812
2020-07-30,169.6155242919922,-1,169.55605075262676,169.76420814040577,169.25866793028095,9376100,0,0,0,1,79.0,161.99269104003906,12797.422592163086,21,602.2038269042969,0.05,8989.418319702148,18989.41831970215,0.004640093775992282
2020-07-31,169.50650024414062,0,168.66391802312836,169.962489297687,168.4557606159268,8886000,0,0,0,0,0.0,169.50650024414062,0.0,0,0.0,0.0,8989.418319702148,18989.41831970215,0.0
2020-08-03,168.65304565429688,1,167.94847240664967,168.69274887921264,167.6805286366708,9066200,1,0,0,0,78.0,168.65304565429688,13154.937561035156,1,0.0,0.0,8989.418319702148,18989.41831970215,0.0
2020-08-04,170.2606964111328,-1,169.5263381594829,170.27061464638098,169.41717700237743,9878900,0,0,0,1,78.0,168.65304565429688,13154.937561035156,2,125.39675903320312,0.01,9114.815078735352,19114.81507873535,0.006603507117598273
2020-08-05,168.77215576171875,-1,168.7622223834013,169.2584067442333,168.39505080193604,6954100,0,0,1,0,-79.0,168.77215576171875,13333.000305175781,1,0.0,0.0,9114.815078735352,19114.81507873535,0.0
2020-08-06,169.71487426757812,-1,170.072127552549,170.9354833485859,169.3179177607536,9481800,0,0,0,0,-79.0,168.77215576171875,13333.000305175781,2,0.0,0.0,9114.815078735352,19040.34031677246,-0.003896180091521817
2020-08-07,168.5836181640625,-1,169.97292844009968,170.19125078952644,168.2859044928127,8176900,0,0,0,0,-79.0,168.77215576171875,13333.000305175781,3,0.0,0.0,9114.815078735352,19129.709548950195,0.004693678300434989
2020-08-10,167.82937622070312,-1,168.92098775997775,168.95075760719948,167.77976990356254,6408500,0,0,0,0,-79.0,168.77215576171875,13333.000305175781,4,0.0,0.0,9114.815078735352,19189.294662475586,0.0031147944705025576
2020-08-11,165.83470153808594,-1,165.89424122563346,166.2118064156759,164.61409251633643,19234200,0,0,0,0,-79.0,168.77215576171875,13333.000305175781,5,0.0,0.0,9114.815078735352,19346.873962402344,0.008211833873962071
2020-08-12,164.32632446289062,-1,164.4354856223055,164.8026723270705,163.7309123461821,11745800,0,0,0,0,-79.0,168.77215576171875,13333.000305175781,6,0.0,0.0,9114.815078735352,19466.035751342773,0.006159227024066016
2020-08-13,162.56983947753906,0,164.0484590746317,164.31640284993227,161.92479076976676,12744700,0,0,0,0,-79.0,168.77215576171875,13333.000305175781,7,0.0,0.0,9114.815078735352,19604.798065185547,0.007128432086291658
2020-08-14,161.93470764160156,1,162.5599047312578,162.8973064351844,161.91487117126033,6398100,0,1,0,0,-79.0,168.77215576171875,13333.000305175781,8,540.1584014892578,0.04,9654.97348022461,19654.97348022461,0.0025593436296680316
2020-08-17,162.34156799316406,1,162.71867288895132,163.20493893129057,162.18278539048077,6901500,1,0,0,0,84.0,162.34156799316406,13636.691711425781,1,0.0,0.0,9654.97348022461,19654.97348022461,0.0
2020-08-18,163.5026397705078,0,163.10569840034665,163.61180091865353,162.83775464719943,8140600,0,0,0,0,84.0,162.34156799316406,13636.691711425781,2,0.0,0.0,9654.97348022461,19752.503509521484,0.0049621043444807444
2020-08-19,162.48052978515625,1,164.10801391531427,164.34618786448812,162.05381849469157,12497700,0,0,0,0,84.0,162.34156799316406,13636.691711425781,3,0.0,0.0,9654.97348022461,19666.646270751953,-0.004346650981641109
2020-08-20,163.94924926757812,-1,164.1278683757966,164.38587880178292,163.67137208421792,10319900,0,0,0,1,84.0,162.34156799316406,13636.691711425781,4,135.04522705078125,0.01,9790.01870727539,19790.01870727539,0.00627318124427334
2020-08-21,164.93167114257812,-1,164.5049598796546,165.06068391618027,163.75074999378893,6836000,0,0,1,0,-83.0,164.93167114257812,13689.328704833984,1,0.0,0.0,9790.01870727539,19790.01870727539,0.0
2020-08-24,164.6637420654297,-1,165.05078042080126,165.6958140617292,164.59428412583307,6490600,0,0,0,0,-83.0,164.93167114257812,13689.328704833984,2,0.0,0.0,9790.01870727539,19812.25682067871,0.0011237035059064038
2020-08-25,163.40341186523438,-1,163.0957800322602,163.8301230806908,162.57974413759948,10518300,0,0,0,0,-83.0,164.93167114257812,13689.328704833984,3,0.0,0.0,9790.01870727539,19916.864227294922,0.005279933909751788
2020-08-26,162.7782440185547,-1,162.79809563330986,163.07595767050103,162.03396745986143,8276600,0,0,0,0,-83.0,164.93167114257812,13689.328704833984,4,0.0,0.0,9790.01870727539,19968.753158569336,0.0026052761459960383
2020-08-27,160.009521484375,1,163.50264811870628,163.5622029553796,159.93013017782062,19860100,0,1,0,0,-83.0,164.93167114257812,13689.328704833984,5,408.5384216308594,0.03,10198.55712890625,20198.55712890625,0.01150817822785788
2020-08-28,159.89041137695312,1,160.5354600014883,160.81332197618772,159.4140787263744,8415400,1,0,0,0,88.0,159.89041137695312,14070.356201171875,1,0.0,0.0,10198.55712890625,20198.55712890625,0.0
2020-08-31,160.9522705078125,1,160.36677665032832,162.0041788327417,160.3270734254195,11388100,0,0,0,0,88.0,159.89041137695312,14070.356201171875,2,0.0,0.0,10198.55712890625,20292.000732421875,0.004626251415844829
2020-09-01,162.79319763183594,0,160.7068635212276,163.00183710667577,160.13063776535057,10587600,0,0,0,0,88.0,159.89041137695312,14070.356201171875,3,0.0,0.0,10198.55712890625,20454.002319335938,0.007983519666211247
2020-09-02,164.34304809570312,-1,162.4454793181698,164.48213603356456,162.42562044093836,15167700,0,0,0,1,88.0,159.89041137695312,14070.356201171875,4,391.83203125,0.03,10590.38916015625,20590.38916015625,0.006667978163441335
2020-09-03,164.8099822998047,-1,164.67089436795325,166.1511992679381,164.36291503024276,16416600,0,0,1,0,-87.0,164.8099822998047,14338.468460083008,1,0.0,0.0,10590.38916015625,20590.38916015625,0.0
2020-09-04,161.68052673339844,0,163.33965279020703,163.62775814641017,161.39240621774485,13780300,0,0,0,0,-87.0,164.8099822998047,14338.468460083008,2,0.0,0.0,10590.38916015625,20862.651794433594,0.013222801772206916
2020-09-08,162.67401123046875,0,163.29989944187318,164.1841046809699,162.67401123046875,13790400,0,0,0,0,-87.0,164.8099822998047,14338.468460083008,3,0.0,0.0,10590.38916015625,20776.218643188477,-0.004142960928302464
2020-09-09,162.2368621826172,0,162.87269494951826,163.18067431418848,161.70036928462162,9558900,0,0,0,0,-87.0,164.8099822998047,14338.468460083008,4,0.0,0.0,10590.38916015625,20814.250610351562,0.0018305528939721594
2020-09-10,163.06146240234375,0,161.40233649278267,163.28003133983793,160.89564706520562,8847700,0,0,0,0,-87.0,164.8099822998047,14338.468460083008,5,0.0,0.0,10590.38916015625,20742.51039123535,-0.0034466875824264998
2020-09-11,163.40916442871094,0,163.24027301660402,163.49859001348958,163.0117746542768,5458200,0,0,0,0,-87.0,164.8099822998047,14338.468460083008,6,0.0,0.0,10590.38916015625,20712.260314941406,-0.0014583613903709214
2020-09-14,163.39926147460938,0,163.7171703137951,164.0052908324906,163.16081847563214,4274900,0,0,0,0,-87.0,164.8099822998047,14338.468460083008,7,0.0,0.0,10590.38916015625,20713.121871948242,4.1596474442462394e-05
2020-09-15,163.00186157226562,0,163.10120144611838,163.39925138657614,162.72367051090862,6928500,0,0,0,0,-87.0,164.8099822998047,14338.468460083008,8,0.0,0.0,10590.38916015625,20747.69566345215,0.0016691733731712954
2020-09-16,162.51504516601562,1,163.70722976107433,163.81651423325593,161.91894528876145,8815200,0,1,0,0,-87.0,164.8099822998047,14338.468460083008,9,199.65953063964844,0.01,10790.048690795898,20790.0486907959,0.002041336446743758
2020-09-17,163.01177978515625,0,163.82643339622234,163.88605550776745,162.73360390240697,7813900,0,0,0,0,0.0,163.01177978515625,0.0,0,0.0,0.0,10790.048690795898,20790.0486907959,0.0
2020-09-18,162.50511169433594,1,163.10119639735,163.17074795039875,162.27659815670376,7246300,1,0,0,0,89.0,162.50511169433594,14462.954940795898,1,0.0,0.0,10790.048690795898,20790.0486907959,0.0
2020-09-21,163.32969665527344,0,163.81651205386947,164.3231863311801,163.0713947969395,11086900,0,0,0,0,89.0,162.50511169433594,14462.954940795898,2,0.0,0.0,10790.048690795898,20863.436752319336,0.003529961021973449
2020-09-22,163.2005615234375,1,163.36945295771187,163.8065908626338,162.80315653739476,10524100,0,0,0,0,89.0,162.50511169433594,14462.954940795898,3,0.0,0.0,10790.048690795898,20851.943725585938,-0.0005508692968391182
2020-09-23,163.41909790039062,0,163.23033246457956,163.45883081134957,162.41566377517333,6224800,0,0,0,0,89.0,162.50511169433594,14462.954940795898,4,0.0,0.0,10790.048690795898,20871.393463134766,0.0009327541741330769
2020-09-24,164.04501342773438,-1,163.8860665978708,164.04501342773438,163.54826858071775,8278100,0,0,0,1,89.0,162.50511169433594,14462.954940795898,5,137.05125427246094,0.01,10927.09994506836,20927.09994506836,0.002669035109322593
2020-09-25,164.04501342773438,-1,164.0350839881959,164.34306336783425,163.6376941743625,5140300,0,0,1,0,-89.0,164.04501342773438,14600.00619506836,1,0.0,0.0,10927.09994506836,20927.09994506836,0.0
2020-09-28,163.5780792236328,-1,163.79664817864958,163.82645165802,163.29990330987516,4470100,0,0,0,0,-89.0,164.04501342773438,14600.00619506836,2,0.0,0.0,10927.09994506836,20968.6570892334,0.0019858052130550252
2020-09-29,163.766845703125,-1,163.72711278353765,164.16425069625072,163.48866978766222,10297600,0,0,0,0,-89.0,164.04501342773438,14600.00619506836,3,0.0,0.0,10927.09994506836,20951.856872558594,-0.0008012061336741816
2020-09-30,162.1970977783203,-1,162.93228549956086,162.93228549956086,161.49172869014325,12971000,0,0,0,0,-89.0,164.04501342773438,14600.00619506836,4,0.0,0.0,10927.09994506836,21091.56443786621,0.006668027858218073
2020-10-01,162.4646453857422,-1,161.61929805673003,162.84256751049926,161.2115567472979,11523900,0,0,0,0,-89.0,164.04501342773438,14600.00619506836,5,0.0,0.0,10927.09994506836,21067.752700805664,-0.001128969694528581
2020-10-02,161.85800170898438,-1,162.71328883807814,162.7729575627565,161.2911184742223,8828800,0,0,0,0,-89.0,164.04501342773438,14600.00619506836,6,0.0,0.0,10927.09994506836,21121.74398803711,0.002562745443152048
2020-10-05,158.69541931152344,0,160.0678453438478,160.0678453438478,158.64569032173,14726000,0,0,0,0,-89.0,164.04501342773438,14600.00619506836,7,0.0,0.0,10927.09994506836,21403.213821411133,0.013326069738059498
2020-10-06,159.5507049560547,0,158.45674296182827,160.52534467974607,157.81029638895237,22419400,0,0,0,0,-89.0,164.04501342773438,14600.00619506836,8,0.0,0.0,10927.09994506836,21327.09339904785,-0.003556494973064872
2020-10-07,158.38710021972656,1,158.68545897311046,159.5407459727275,157.98929866531904,9429200,0,1,0,0,-89.0,164.04501342773438,14600.00619506836,9,503.5542755126953,0.03,11430.654220581055,21430.654220581055,0.004855833825805123
2020-10-08,159.24240112304688,0,159.09322932090876,159.37169346833846,158.78493081305143,8431500,0,0,0,0,0.0,159.24240112304688,0.0,0,0.0,0.0,11430.654220581055,21430.654220581055,0.0
2020-10-09,159.2125701904297,0,158.6457021549425,159.3915915320076,157.9395868675846,8441500,0,0,0,0,0.0,159.2125701904297,0.0,0,0.0,0.0,11430.654220581055,21430.654220581055,0.0
2020-10-12,159.71978759765625,1,159.55070598162578,159.7993357785243,159.23246773267817,3962000,1,0,0,0,93.0,159.71978759765625,14853.940246582031,1,0.0,0.0,11430.654220581055,21430.654220581055,0.0
2020-10-13,160.86346435546875,0,160.32643071877004,160.94302770445324,160.29658118463834,7914300,0,0,0,0,93.0,159.71978759765625,14853.940246582031,2,0.0,0.0,11430.654220581055,21537.016159057617,0.004963074733127737
2020-10-14,161.23143005371094,-1,161.4402857397305,161.8579819366126,161.0822582602377,6956700,0,0,0,1,93.0,159.71978759765625,14853.940246582031,3,140.58274841308594,0.01,11571.23696899414,21571.23696899414,0.001588929946645834
2020-10-15,160.95297241210938,-1,162.14639233348527,162.29557930813075,160.754071621073,9458800,0,0,1,0,-93.0,160.95297241210938,14968.626434326172,1,0.0,0.0,11571.23696899414,21571.23696899414,0.0
2020-10-16,160.5054473876953,-1,160.7739718112149,161.43035810197026,160.2170435069951,8416300,0,0,0,0,-93.0,160.95297241210938,14968.626434326172,2,0.0,0.0,11571.23696899414,21612.85679626465,0.0019294131036773354
2020-10-19,159.89878845214844,-1,159.62032430289122,160.09768924802387,159.17279371838202,9286600,0,0,0,0,-93.0,160.95297241210938,14968.626434326172,3,0.0,0.0,11571.23696899414,21669.276077270508,0.0026104499529007175
2020-10-20,158.37716674804688,-1,158.98382400633295,159.1329958013389,158.07880798287783,11189000,0,0,0,0,-93.0,160.95297241210938,14968.626434326172,4,0.0,0.0,11571.23696899414,21810.786895751953,0.006530482051030795
2020-10-21,157.83018493652344,-1,157.9196880173428,158.49651094121933,157.5019917983614,10453700,0,0,0,0,-93.0,160.95297241210938,14968.626434326172,5,0.0,0.0,11571.23696899414,21861.656204223633,0.0023323004674162817
2020-10-22,156.18923950195312,1,157.42243356711373,157.76058161980586,156.10967614691725,12664900,0,1,0,0,-93.0,160.95297241210938,14968.626434326172,6,443.02716064453125,0.03,12014.264129638672,22014.264129638672,0.006980620497799128
2020-10-23,157.14395141601562,1,155.9505315774637,157.34286736840474,155.89086286180958,8783800,1,0,0,0,98.0,157.14395141601562,15400.107238769531,1,0.0,0.0,12014.264129638672,22014.264129638672,0.0
2020-10-26,158.60589599609375,-1,158.3373867750646,159.1429447884652,158.13847082224163,7227300,0,0,0,1,98.0,157.14395141601562,15400.107238769531,2,143.27056884765625,0.01,12157.534698486328,22157.534698486328,0.006508078943904705
2020-10-27,159.6700439453125,-1,159.35179055042246,159.81921573969402,159.02359742762602,6062300,0,0,1,0,-97.0,159.6700439453125,15487.994262695312,1,0.0,0.0,12157.534698486328,22157.534698486328,0.0
2020-10-28,159.8192138671875,-1,160.49549473582672,160.57505808361705,159.32195432486574,11765800,0,0,0,0,-97.0,159.6700439453125,15487.994262695312,2,0.0,0.0,12157.534698486328,22143.065216064453,-0.0006530276323053474
2020-10-29,158.2677764892578,-1,159.8490582913764,159.94851627616637,157.60145048160706,11932400,0,0,0,0,-97.0,159.6700439453125,15487.994262695312,3,0.0,0.0,12157.534698486328,22293.554641723633,0.006796232779461953
2020-10-30,156.70639038085938,1,158.1583798476202,158.47663326097808,156.70639038085938,13095400,0,1,0,0,-97.0,159.6700439453125,15487.994262695312,4,287.4743957519531,0.02,12445.009094238281,22445.00909423828,0.006793643048345066
2020-11-02,157.88018798828125,1,157.9996535667936,158.48749666480575,157.63129123874583,10810500,1,0,0,0,99.0,157.88018798828125,15630.138610839844,1,0.0,0.0,12445.009094238281,22445.00909423828,0.0
2020-11-03,156.9642333984375,1,157.15339733898313,157.2828133050535,156.34695919379644,16228700,0,0,0,0,99.0,157.88018798828125,15630.138610839844,2,0.0,0.0,12445.009094238281,22354.32958984375,-0.004040074299538121
2020-11-04,160.36912536621094,-1,160.92665154983416,161.45431134443825,159.8314999809677,21570800,0,0,0,1,99.0,157.88018798828125,15630.138610839844,3,246.40480041503906,0.02,12691.41389465332,22691.41389465332,0.015079150705674449
2020-11-05,160.6479034423828,-1,160.92666656019594,161.02623132717943,159.87134687255332,18537500,0,0,1,0,-98.0,160.6479034423828,15743.494537353516,1,0.0,0.0,12691.41389465332,22691.41389465332,0.0
2020-11-06,158.70651245117188,-1,158.9155771943773,159.2142563046928,158.23858538968273,12408400,0,0,0,0,-98.0,160.6479034423828,15743.494537353516,2,0.0,0.0,12691.41389465332,22881.670211791992,0.008384506933853952
2020-11-09,155.37127685546875,0,155.2816776875261,155.4608760234114,153.9475949933267,23245000,0,0,0,0,-98.0,160.6479034423828,15743.494537353516,3,0.0,0.0,12691.41389465332,23208.5233001709,0.014284494329022568
2020-11-10,154.4752655029297,0,154.27615116321385,155.12239090486872,154.09693762345435,12561000,0,0,0,0,-98.0,160.6479034423828,15743.494537353516,4,0.0,0.0,12691.41389465332,23296.332412719727,0.0037834855502496545
2020-11-11,155.0327911376953,1,154.33588335563047,155.25182146798002,154.28610097302936,5888200,0,1,0,0,-98.0,160.6479034423828,15743.494537353516,5,550.281005859375,0.03,13241.694900512695,23241.694900512695,-0.002345326776724721
2020-11-12,157.6710968017578,0,156.24741478773694,157.70096319425818,156.01843404808378,15999700,0,0,0,0,0.0,157.6710968017578,0.0,0,0.0,0.0,13241.694900512695,23241.694900512695,0.0
2020-11-13,157.46202087402344,0,157.66113520703857,157.80051675929417,157.21312415989206,7344600,0,0,0,0,0.0,157.46202087402344,0.0,0,0.0,0.0,13241.694900512695,23241.694900512695,0.0
2020-11-16,157.08370971679688,1,157.03392733038513,157.58150319801155,156.91446175615806,6310400,1,0,0,0,103.0,157.08370971679688,16179.622100830078,1,0.0,0.0,13241.694900512695,23241.694900512695,0.0
2020-11-17,158.10916137695312,1,158.06934458312165,158.4576228866465,157.8901310322518,7444600,0,0,0,0,103.0,157.08370971679688,16179.622100830078,2,0.0,0.0,13241.694900512695,23347.31642150879,0.004544484446948216
2020-11-18,158.56715393066406,1,158.73640190642834,158.86583308437574,157.65121566634707,10333300,0,0,0,0,103.0,157.08370971679688,16179.622100830078,3,0.0,0.0,13241.694900512695,23394.489654541016,0.0020204991520467175
2020-11-19,159.38351440429688,1,159.2640488291442,160.01073905675167,159.13461766176107,10637200,0,0,0,0,103.0,157.08370971679688,16179.622100830078,4,0.0,0.0,13241.694900512695,23478.574783325195,0.0035942279582004133
2020-11-20,160.7972412109375,-1,159.82157026334104,160.8271076038215,159.6821886993987,7246800,0,0,0,1,103.0,157.08370971679688,16179.622100830078,5,382.4937438964844,0.02,13624.18864440918,23624.18864440918,0.006201988937906133
2020-11-23,160.0605010986328,-1,160.11028347910255,160.27953141954004,159.57265807634855,11300000,0,0,1,0,-103.0,160.0605010986328,16486.23161315918,1,0.0,0.0,13624.18864440918,23624.18864440918,0.0
2020-11-24,158.46754455566406,-1,159.28393299997805,159.31379938779943,158.30824702631764,10891700,0,0,0,0,-103.0,160.0605010986328,16486.23161315918,2,0.0,0.0,13624.18864440918,23788.26316833496,0.006945191913061199
2020-11-25,157.97972106933594,1,158.5472128908887,159.20430388696542,157.91998828631992,9145800,0,1,0,0,-103.0,160.0605010986328,16486.23161315918,3,214.32034301757812,0.01,13838.508987426758,23838.508987426758,0.002112210493731226
2020-11-27,159.512939453125,-1,158.90563081697448,159.56272183801292,158.87576442433192,4708200,0,0,1,0,-104.0,159.512939453125,16589.345703125,1,0.0,0.0,13838.508987426758,23838.508987426758,0.0
2020-11-30,159.3138427734375,-1,159.32379317493823,159.82158669612255,159.05498041989196,13071600,0,0,0,0,-104.0,159.512939453125,16589.345703125,2,0.0,0.0,13838.508987426758,23859.215042114258,0.0008685968865931315
2020-12-01,156.96482849121094,-1,158.01126372254052,158.2006205519262,156.14760748163928,13663900,0,0,0,0,-104.0,159.512939453125,16589.345703125,3,0.0,0.0,13838.508987426758,24103.51252746582,0.010239125005594207
2020-12-02,155.7190704345703,0,156.34693459278344,156.39675252977014,154.9516825975254,12114300,0,0,0,0,-104.0,159.512939453125,16589.345703125,4,0.0,0.0,13838.508987426758,24233.071365356445,0.005375101979140817
2020-12-03,156.97479248046875,-1,156.4067371867937,157.2837519076297,156.04795981981,9626500,0,0,0,0,-104.0,159.512939453125,16589.345703125,5,0.0,0.0,13838.508987426758,24102.476272583008,-0.005389126735298455
2020-12-04,154.67263793945312,1,155.1609784273578,155.26062951001092,154.2441063494692,12734500,0,1,0,0,-104.0,159.512939453125,16589.345703125,6,503.391357421875,0.03,14341.900344848633,24341.900344848633,0.00993358813251799
2020-12-07,156.06790161132812,0,155.8187510756823,156.3469489946961,155.64931532933429,9316100,0,0,0,0,0.0,156.06790161132812,0.0,0,0.0,0.0,14341.900344848633,24341.900344848633,0.0
2020-12-08,156.8053741455078,0,157.03460358244834,157.53290464319312,156.66585045677692,7397200,0,0,0,0,0.0,156.8053741455078,0.0,0,0.0,0.0,14341.900344848633,24341.900344848633,0.0
2020-12-09,156.2871551513672,0,156.0180683151806,156.78545622218735,155.47989464280738,7750100,0,0,0,0,0.0,156.2871551513672,0.0,0,0.0,0.0,14341.900344848633,24341.900344848633,0.0
2020-12-10,157.67242431640625,0,156.70571906662553,157.7521391019867,156.2971085575551,10025100,0,0,0,0,0.0,157.67242431640625,0.0,0,0.0,0.0,14341.900344848633,24341.900344848633,0.0
2020-12-11,158.23052978515625,-1,158.11092718479418,158.84841826041534,157.78206185288946,8135900,0,0,1,0,-107.0,158.23052978515625,16930.66668701172,1,0.0,0.0,14341.900344848633,24341.900344848633,0.0
2020-12-14,157.79202270507812,-1,156.95488053563605,158.15080009297364,156.57616684648465,7535900,0,0,0,0,-107.0,158.23052978515625,16930.66668701172,2,0.0,0.0,14341.900344848633,24388.820602416992,0.0019275511321485972
2020-12-15,157.26380920410156,-1,157.2438729048194,157.8518007739288,156.77546871680357,6847500,0,0,0,0,-107.0,158.23052978515625,16930.66668701172,3,0.0,0.0,14341.900344848633,24445.339447021484,0.0023174078618173333
2020-12-16,156.84523010253906,0,156.04794544856335,157.35349165606533,155.85858863246338,9954200,0,0,0,0,-107.0,158.23052978515625,16930.66668701172,4,0.0,0.0,14341.900344848633,24490.127410888672,0.0018321678029569188
2020-12-17,156.4302215576172,1,157.75708684495552,158.08631043259322,156.06108377722109,9422700,0,1,0,0,-107.0,158.23052978515625,16930.66668701172,5,192.6329803466797,0.01,14534.533325195312,24534.533325195312,0.00181321695725023
2020-12-18,155.96131896972656,1,156.74944916507866,157.00884573334395,155.81166359046506,6505000,1,0,0,0,110.0,155.96131896972656,17155.745086669922,1,0.0,0.0,14534.533325195312,24534.533325195312,0.0
2020-12-21,156.57986450195312,1,156.82927493130404,156.9689441628284,156.08104364325126,8988200,0,0,0,0,110.0,155.96131896972656,17155.745086669922,2,0.0,0.0,14534.533325195312,24602.573333740234,0.002773234267107405
2020-12-22,157.38795471191406,-1,157.18842940937546,157.4577969403452,156.7095656387219,7370800,0,0,0,1,110.0,155.96131896972656,17155.745086669922,3,156.929931640625,0.01,14691.463256835938,24691.463256835938,0.0036130335591275653
2020-12-23,156.30052185058594,1,156.25063672149162,156.3204789467845,155.09338392964514,9266600,1,0,0,0,110.0,156.30052185058594,17193.057403564453,1,0.0,0.0,14691.463256835938,24691.463256835938,0.0
2020-12-24,156.9190673828125,0,156.52998770123244,157.05873662176933,156.48011779095205,3117100,0,0,0,0,110.0,156.30052185058594,17193.057403564453,2,0.0,0.0,14691.463256835938,24759.50326538086,0.0027556086019360215
2020-12-28,156.9888916015625,0,156.01120704103954,157.0786756971322,155.73186859517585,7791100,0,0,0,0,110.0,156.30052185058594,17193.057403564453,3,0.0,0.0,14691.463256835938,24767.18392944336,0.00031021074939086013
2020-12-29,156.7893829345703,0,156.02119451561546,156.91906601209396,155.99126648058652,9030900,0,0,0,0,110.0,156.30052185058594,17193.057403564453,4,0.0,0.0,14691.463256835938,24745.23797607422,-0.0008860899742038075
2020-12-30,157.12857055664062,0,156.45018149546922,157.15849859035086,156.3104970410821,9097300,0,0,0,0,110.0,156.30052185058594,17193.057403564453,5,0.0,0.0,14691.463256835938,24782.548614501953,0.0015077906490053028
