Date,Open,High,Low,Close,Volume,Label,Buy to open,Buy to close,Sell to open,Sell to close,Position,Cost,Invest Amt,Duration,Profit,Profit %,Cum Profit,Principle,Daily Return
2020-01-02,102.4000015258789,102.8000030517578,101.5999984741211,102.4800033569336,1563638,0,0,0,0,0,0.0,102.4800033569336,0.0,0,0.0,0.0,0.0,10000.0,0.0
2020-01-03,106.16000366210938,106.55999755859376,104.23999786376952,105.44000244140624,4325450,1,1,0,0,0,66.0,105.44000244140624,6959.040161132812,1,0.0,0.0,0.0,10000.0,0.0
2020-01-06,106.4000015258789,106.55999755859376,104.95999908447266,105.27999877929688,2598413,0,0,0,0,0,66.0,105.44000244140624,6959.040161132812,2,0.0,0.0,0.0,9989.439758300783,-0.0010560241699216766
2020-01-07,104.8000030517578,105.44000244140624,104.08000183105467,105.04000091552734,1742075,0,0,0,0,0,66.0,105.44000244140624,6959.040161132812,3,0.0,0.0,0.0,9973.599899291994,-0.001585660396583033
2020-01-08,104.4800033569336,104.55999755859376,99.12000274658205,101.27999877929688,6918425,0,0,0,0,0,66.0,105.44000244140624,6959.040161132812,4,0.0,0.0,0.0,9725.439758300781,-0.0248817020430937
2020-01-09,99.5999984741211,100.31999969482422,98.31999969482422,99.91999816894533,3439450,0,0,0,0,0,66.0,105.44000244140624,6959.040161132812,5,0.0,0.0,0.0,9635.67971801758,-0.009229406845751131
2020-01-10,99.44000244140624,99.83999633789062,98.72000122070312,99.27999877929688,2016750,-1,0,0,0,1,66.0,105.44000244140624,6959.040161132812,6,-406.56024169921784,-0.06,-406.56024169921784,9593.439758300781,-0.004383703169151154
2020-01-13,98.4800033569336,98.4800033569336,97.27999877929688,97.5999984741211,2858525,1,1,0,0,0,68.0,97.5999984741211,6636.799896240234,1,0.0,0.0,-406.56024169921784,9593.439758300781,0.0
2020-01-14,98.16000366210938,98.55999755859376,97.5999984741211,98.23999786376952,2336713,0,0,0,0,0,68.0,97.5999984741211,6636.799896240234,2,0.0,0.0,-406.56024169921784,9636.959716796873,0.004536429017385046
2020-01-15,97.5999984741211,97.76000213623048,96.4000015258789,97.44000244140624,1881763,1,0,0,0,0,68.0,97.5999984741211,6636.799896240234,3,0.0,0.0,-406.56024169921784,9582.56002807617,-0.005644901537347535
2020-01-16,97.5999984741211,98.87999725341795,97.5999984741211,98.31999969482422,1960813,1,0,0,0,0,68.0,97.5999984741211,6636.799896240234,4,0.0,0.0,-406.56024169921784,9642.399841308594,0.00624465832273402
2020-01-17,98.63999938964844,98.95999908447266,97.91999816894533,98.63999938964844,2220763,1,0,0,0,0,68.0,97.5999984741211,6636.799896240234,5,0.0,0.0,-406.56024169921784,9664.15982055664,0.0022566974618523084
2020-01-21,97.76000213623048,98.72000122070312,97.68000030517578,97.91999816894533,1709638,0,0,0,0,0,68.0,97.5999984741211,6636.799896240234,6,0.0,0.0,-406.56024169921784,9615.19973754883,-0.005066149972361544
2020-01-22,96.23999786376952,96.31999969482422,95.04000091552734,95.1999969482422,3196463,1,0,0,0,0,68.0,97.5999984741211,6636.799896240234,7,0.0,0.0,-406.56024169921784,9430.239654541017,-0.019236218493258628
2020-01-23,92.8000030517578,93.68000030517578,92.0,93.27999877929688,3858525,0,0,0,0,0,68.0,97.5999984741211,6636.799896240234,8,0.0,0.0,-406.56024169921784,9299.679779052734,-0.01384480991693715
2020-01-24,91.91999816894533,92.0,90.4800033569336,91.44000244140624,3051025,0,0,0,0,0,68.0,97.5999984741211,6636.799896240234,9,0.0,0.0,-406.56024169921784,9174.56002807617,-0.013454199924000987
2020-01-27,88.87999725341797,89.91999816894531,88.16000366210938,88.80000305175781,3142588,1,0,0,0,0,68.0,97.5999984741211,6636.799896240234,10,0.0,0.0,-406.56024169921784,8995.040069580078,-0.019567146320556117
2020-01-28,89.27999877929688,90.55999755859376,88.87999725341797,90.0,3048700,0,0,0,0,0,68.0,97.5999984741211,6636.799896240234,11,0.0,0.0,-406.56024169921784,9076.639862060547,0.009071643022072529
2020-01-29,90.23999786376952,90.31999969482422,88.72000122070312,89.27999877929688,2720475,0,0,0,0,0,68.0,97.5999984741211,6636.799896240234,12,0.0,0.0,-406.56024169921784,9027.679779052734,-0.0053940757540089646
2020-01-30,87.44000244140625,88.72000122070312,86.80000305175781,88.63999938964844,3689650,0,0,0,0,0,68.0,97.5999984741211,6636.799896240234,13,0.0,0.0,-406.56024169921784,8984.15982055664,-0.0048207246558605865
2020-01-31,87.04000091552734,87.83999633789062,85.5999984741211,86.72000122070312,4051950,-1,0,0,0,1,68.0,97.5999984741211,6636.799896240234,14,-739.8398132324219,-0.11,-1146.4000549316397,8853.59994506836,-0.014532229846306532
2020-02-03,86.0,86.72000122070312,83.83999633789062,83.91999816894531,5058613,-1,0,0,1,0,-73.0,83.91999816894531,6126.159866333008,1,0.0,0.0,-1146.4000549316397,8853.59994506836,0.0
2020-02-04,85.44000244140625,85.5999984741211,83.19999694824219,83.5199966430664,5189425,-1,0,0,0,0,-73.0,83.91999816894531,6126.159866333008,2,0.0,0.0,-1146.4000549316397,8882.80005645752,0.003298106032611603
2020-02-05,86.0,87.12000274658203,84.72000122070312,85.5999984741211,5089350,-1,0,0,0,0,-73.0,83.91999816894531,6126.159866333008,3,0.0,0.0,-1146.4000549316397,8730.959922790527,-0.017093724129995325
2020-02-06,85.12000274658203,86.16000366210938,84.4000015258789,85.91999816894531,3249838,1,0,1,0,0,-73.0,83.91999816894531,6126.159866333008,4,-146.0,-0.02,-1292.4000549316397,8707.59994506836,-0.0026755337246699984
2020-02-07,84.80000305175781,85.76000213623047,84.31999969482422,84.63999938964844,2610963,1,1,0,0,0,72.0,84.63999938964844,6094.0799560546875,1,0.0,0.0,-1292.4000549316397,8707.59994506836,0.0
2020-02-10,83.83999633789062,84.4800033569336,83.04000091552734,83.36000061035156,2825925,1,0,0,0,0,72.0,84.63999938964844,6094.0799560546875,2,0.0,0.0,-1292.4000549316397,8615.440032958984,-0.010583847752625664
2020-02-11,85.04000091552734,85.12000274658203,83.5999984741211,84.0,3117025,1,0,0,0,0,72.0,84.63999938964844,6094.0799560546875,3,0.0,0.0,-1292.4000549316397,8661.519989013672,0.005348531923895283
2020-02-12,86.55999755859375,86.87999725341797,85.68000030517578,86.4800033569336,3927025,0,0,0,0,0,72.0,84.63999938964844,6094.0799560546875,4,0.0,0.0,-1292.4000549316397,8840.08023071289,0.020615347182215693
2020-02-13,86.55999755859375,87.19999694824219,86.0,86.72000122070312,3609588,1,0,0,0,0,72.0,84.63999938964844,6094.0799560546875,5,0.0,0.0,-1292.4000549316397,8857.360076904297,0.001954715991306477
2020-02-14,87.68000030517578,87.91999816894531,86.72000122070312,87.5999984741211,3057125,1,0,0,0,0,72.0,84.63999938964844,6094.0799560546875,6,0.0,0.0,-1292.4000549316397,8920.71987915039,0.007153350625465293
2020-02-18,86.08000183105469,87.5999984741211,86.0,87.5999984741211,2676363,1,0,0,0,0,72.0,84.63999938964844,6094.0799560546875,7,0.0,0.0,-1292.4000549316397,8920.71987915039,0.0
2020-02-19,89.04000091552734,89.83999633789062,88.16000366210938,89.44000244140625,3137575,0,0,0,0,0,72.0,84.63999938964844,6094.0799560546875,8,0.0,0.0,-1292.4000549316397,9053.200164794922,0.014850851437916646
2020-02-20,90.4800033569336,91.44000244140624,90.0,90.23999786376952,3422725,-1,0,0,0,1,72.0,84.63999938964844,6094.0799560546875,9,403.1998901367177,0.07,-889.200164794922,9110.799835205076,0.006362354676983983
2020-02-21,88.63999938964844,89.68000030517578,87.91999816894531,89.27999877929688,3380650,0,0,0,0,0,0.0,89.27999877929688,0.0,0,0.0,0.0,-889.200164794922,9110.799835205076,0.0
2020-02-24,85.04000091552734,86.4800033569336,84.4000015258789,85.91999816894531,4694088,1,1,0,0,0,74.0,85.91999816894531,6358.079864501953,1,0.0,0.0,-889.200164794922,9110.799835205076,0.0
2020-02-25,86.08000183105469,86.23999786376953,83.19999694824219,83.19999694824219,4134238,1,0,0,0,0,74.0,85.91999816894531,6358.079864501953,2,0.0,0.0,-889.200164794922,8909.519744873045,-0.022092472008249375
2020-02-26,83.04000091552734,84.4000015258789,80.87999725341797,81.5199966430664,4913738,1,0,0,0,0,74.0,85.91999816894531,6358.079864501953,3,0.0,0.0,-889.200164794922,8785.199722290037,-0.013953616596960483
2020-02-27,77.76000213623047,79.91999816894531,76.80000305175781,78.23999786376953,6233213,1,0,0,0,0,74.0,85.91999816894531,6358.079864501953,4,0.0,0.0,-889.200164794922,8542.479812622068,-0.027628274523131657
2020-02-28,75.36000061035156,76.0,73.36000061035156,75.5999984741211,5375025,1,0,0,0,0,74.0,85.91999816894531,6358.079864501953,5,0.0,0.0,-889.200164794922,8347.119857788084,-0.02286923225095916
2020-03-02,77.36000061035156,79.36000061035156,76.31999969482422,79.36000061035156,5173363,0,0,0,0,0,74.0,85.91999816894531,6358.079864501953,6,0.0,0.0,-889.200164794922,8625.360015869139,0.03333367231110862
2020-03-03,80.0,81.44000244140625,77.76000213623047,79.12000274658203,6408250,0,0,0,0,0,74.0,85.91999816894531,6358.079864501953,7,0.0,0.0,-889.200164794922,8607.600173950193,-0.0020590261607944527
2020-03-04,80.87999725341797,81.04000091552734,78.08000183105469,78.87999725341797,5793713,1,0,0,0,0,74.0,85.91999816894531,6358.079864501953,8,0.0,0.0,-889.200164794922,8589.839767456053,-0.002063340087274268
2020-03-05,78.4800033569336,78.80000305175781,76.4000015258789,76.87999725341797,4140325,-1,0,0,0,1,74.0,85.91999816894531,6358.079864501953,9,-668.9600677490234,-0.11,-1558.1602325439453,8441.839767456053,-0.01722965782909258
2020-03-06,74.08000183105469,74.16000366210938,68.80000305175781,69.83999633789062,9782050,-1,0,0,1,0,-84.0,69.83999633789062,5866.5596923828125,1,0.0,0.0,-1558.1602325439453,8441.839767456053,0.0
2020-03-09,54.560001373291016,58.400001525878906,52.0,52.15999984741211,19268563,0,0,0,0,0,-84.0,69.83999633789062,5866.5596923828125,2,0.0,0.0,-1558.1602325439453,9926.959472656248,0.17592370219172437
2020-03-10,56.720001220703125,58.63999938964844,54.880001068115234,57.91999816894531,10698375,0,0,0,0,0,-84.0,69.83999633789062,5866.5596923828125,3,0.0,0.0,-1558.1602325439453,9443.11961364746,-0.048739985323957735
2020-03-11,56.15999984741211,56.720001220703125,54.720001220703125,55.52000045776367,8137688,1,0,1,0,0,-84.0,69.83999633789062,5866.5596923828125,4,1202.879653930664,0.21,-355.28057861328125,9644.719421386717,0.021348856732461563
2020-03-12,51.52000045776367,54.400001525878906,51.43999862670898,52.31999969482422,11630325,1,1,0,0,0,129.0,52.31999969482422,6749.279960632324,1,0.0,0.0,-355.28057861328125,9644.719421386717,0.0
2020-03-13,55.119998931884766,57.040000915527344,52.31999969482422,55.68000030517578,9832213,1,0,0,0,0,129.0,52.31999969482422,6749.279960632324,2,0.0,0.0,-355.28057861328125,10078.159500122068,0.044940662324942204
2020-03-16,48.720001220703125,51.040000915527344,46.560001373291016,48.400001525878906,9516613,1,0,0,0,0,129.0,52.31999969482422,6749.279960632324,3,0.0,0.0,-355.28057861328125,9139.039657592772,-0.09318366538234701
2020-03-17,48.31999969482422,49.20000076293945,45.040000915527344,45.68000030517578,8618150,-1,0,0,0,1,129.0,52.31999969482422,6749.279960632324,4,-856.5599212646484,-0.13,-1211.8404998779297,8788.159500122068,-0.03839354796750327
2020-03-18,40.47999954223633,41.43999862670898,34.31999969482422,37.68000030517578,23764250,1,1,0,0,0,163.0,37.68000030517578,6141.840049743652,1,0.0,0.0,-1211.8404998779297,8788.159500122068,0.0
2020-03-19,38.31999969482422,45.36000061035156,36.79999923706055,42.959999084472656,16267000,1,0,0,0,0,163.0,37.68000030517578,6141.840049743652,2,0.0,0.0,-1211.8404998779297,9648.79930114746,0.09793174566454277
2020-03-20,42.2400016784668,42.959999084472656,37.43999862670898,39.52000045776367,18333663,-1,0,0,0,1,163.0,37.68000030517578,6141.840049743652,3,299.9200248718262,0.05,-911.9204750061035,9088.079524993895,-0.05811290696935545
2020-03-23,38.15999984741211,39.20000076293945,36.2400016784668,39.040000915527344,9050388,0,0,0,0,0,0.0,39.040000915527344,0.0,0,0.0,0.0,-911.9204750061035,9088.079524993895,0.0
2020-03-24,40.47999954223633,40.560001373291016,38.31999969482422,39.84000015258789,10639513,0,0,0,0,0,0.0,39.84000015258789,0.0,0,0.0,0.0,-911.9204750061035,9088.079524993895,0.0
2020-03-25,39.119998931884766,41.27999877929688,38.0,40.63999938964844,12344863,1,1,0,0,0,156.0,40.63999938964844,6339.839904785156,1,0.0,0.0,-911.9204750061035,9088.079524993895,0.0
2020-03-26,39.20000076293945,39.68000030517578,37.119998931884766,38.63999938964844,15703500,-1,0,0,0,1,156.0,40.63999938964844,6339.839904785156,2,-312.0,-0.05,-1223.9204750061035,8776.079524993895,-0.0343306855031299
2020-03-27,36.08000183105469,36.2400016784668,34.63999938964844,35.7599983215332,15312050,1,1,0,0,0,171.0,35.7599983215332,6114.959712982178,1,0.0,0.0,-1223.9204750061035,8776.079524993895,0.0
2020-03-30,33.68000030517578,34.2400016784668,32.2400016784668,33.84000015258789,20541175,1,0,0,0,0,171.0,35.7599983215332,6114.959712982178,2,0.0,0.0,-1223.9204750061035,8447.759838104246,-0.037410746558825925
2020-03-31,34.959999084472656,34.959999084472656,33.279998779296875,33.68000030517578,15639525,0,0,0,0,0,171.0,35.7599983215332,6114.959712982178,3,0.0,0.0,-1223.9204750061035,8420.399864196776,-0.003238725346341065
2020-04-01,33.91999816894531,35.040000915527344,33.040000915527344,35.040000915527344,14878650,-1,0,0,0,1,171.0,35.7599983215332,6114.959712982178,4,-123.11955642700195,-0.02,-1347.0400314331055,8652.959968566893,0.027618653284976924
2020-04-02,36.63999938964844,45.36000061035156,36.0,40.880001068115234,40226725,1,1,0,0,0,148.0,40.880001068115234,6050.240158081055,1,0.0,0.0,-1347.0400314331055,8652.959968566893,0.0
2020-04-03,45.59999847412109,48.15999984741211,43.52000045776367,47.20000076293945,28238825,1,0,0,0,0,148.0,40.880001068115234,6050.240158081055,2,0.0,0.0,-1347.0400314331055,9588.319923400877,0.10809710876183543
2020-04-06,44.959999084472656,45.68000030517578,42.959999084472656,43.84000015258789,20350275,1,0,0,0,0,148.0,40.880001068115234,6050.240158081055,3,0.0,0.0,-1347.0400314331055,9091.039833068846,-0.051863109940500474
2020-04-07,43.68000030517578,44.2400016784668,39.119998931884766,40.720001220703125,23432475,1,0,0,0,0,148.0,40.880001068115234,6050.240158081055,4,0.0,0.0,-1347.0400314331055,8629.2799911499,-0.05079285212669338
2020-04-08,40.63999938964844,43.20000076293945,39.52000045776367,42.959999084472656,21113950,-1,0,0,0,1,148.0,40.880001068115234,6050.240158081055,5,307.83970642089844,0.05,-1039.200325012207,8960.799674987791,0.03841800059540246
2020-04-09,43.20000076293945,46.2400016784668,38.400001525878906,39.84000015258789,37976150,1,1,0,0,0,157.0,39.84000015258789,6254.880023956299,1,0.0,0.0,-1039.200325012207,8960.799674987791,0.0
2020-04-13,39.7599983215332,40.560001373291016,38.79999923706055,39.43999862670898,15693888,-1,0,0,0,1,157.0,39.84000015258789,6254.880023956299,2,-62.8002395629894,-0.01,-1102.0005645751964,8897.999435424801,-0.007008329818853576
2020-04-14,38.08000183105469,38.400001525878906,36.2400016784668,37.27999877929688,23984000,1,1,0,0,0,167.0,37.27999877929688,6225.759796142579,1,0.0,0.0,-1102.0005645751964,8897.999435424801,0.0
2020-04-15,35.439998626708984,35.7599983215332,34.400001525878906,35.439998626708984,27402750,1,0,0,0,0,167.0,37.27999877929688,6225.759796142579,2,0.0,0.0,-1102.0005645751964,8590.719409942621,-0.03453360811182271
2020-04-16,35.20000076293945,35.279998779296875,33.20000076293945,34.880001068115234,30161238,-1,0,0,0,1,167.0,37.27999877929688,6225.759796142579,3,-400.7996177673352,-0.06,-1502.8001823425316,8497.199817657465,-0.010886118824567803
2020-04-17,33.20000076293945,34.08000183105469,32.79999923706055,33.68000030517578,31270575,1,1,0,0,0,176.0,33.68000030517578,5927.6800537109375,1,0.0,0.0,-1502.8001823425316,8497.199817657465,0.0
2020-04-20,30.07999992370605,32.400001525878906,29.600000381469727,30.0,109403825,1,0,0,0,0,176.0,33.68000030517578,5927.6800537109375,2,0.0,0.0,-1502.8001823425316,7849.519763946528,-0.07622276368799008
2020-04-21,25.520000457763672,27.200000762939453,18.479999542236328,22.479999542236328,124913013,1,0,0,0,0,176.0,33.68000030517578,5927.6800537109375,3,0.0,0.0,-1502.8001823425316,6525.9996833801215,-0.16861159922743807
2020-04-22,23.200000762939453,23.520000457763672,20.0,20.07999992370605,54851775,1,0,0,0,0,176.0,33.68000030517578,5927.6800537109375,4,0.0,0.0,-1502.8001823425316,6103.599750518793,-0.06472570538687916
2020-04-23,21.440000534057617,22.959999084472656,20.799999237060547,21.1200008392334,39783688,1,0,0,0,0,176.0,33.68000030517578,5927.6800537109375,5,0.0,0.0,-1502.8001823425316,6286.639911651606,0.029988886659426672
2020-04-24,21.520000457763672,21.84000015258789,20.07999992370605,20.559999465942383,22803900,-1,0,0,0,1,176.0,33.68000030517578,5927.6800537109375,6,-2309.120147705078,-0.39,-3811.9203300476097,6188.079669952387,-0.01567772977048487
2020-04-27,18.39999961853028,18.39999961853028,17.040000915527344,17.520000457763672,33885000,0,0,0,0,0,0.0,17.520000457763672,0.0,0,0.0,0.0,-3811.9203300476097,6188.079669952387,0.0
2020-04-28,17.280000686645508,18.0,16.8799991607666,17.040000915527344,19476850,1,1,0,0,0,254.0,17.040000915527344,4328.160232543945,1,0.0,0.0,-3811.9203300476097,6188.079669952387,0.0
2020-04-29,18.010000228881836,18.21999931335449,17.459999084472656,18.0,23378600,1,0,0,0,0,254.0,17.040000915527344,4328.160232543945,2,0.0,0.0,-3811.9203300476097,6431.919437408442,0.03940475566920609
2020-04-30,18.76000022888184,19.299999237060547,17.860000610351562,19.1200008392334,24001300,-1,0,0,0,1,254.0,17.040000915527344,4328.160232543945,3,528.3199806213379,0.12,-3283.600349426272,6716.399650573725,0.044229442848852996
2020-05-01,19.1200008392334,19.18000030517578,18.420000076293945,18.86000061035156,13831100,1,1,0,0,0,249.0,18.86000061035156,4696.140151977538,1,0.0,0.0,-3283.600349426272,6716.399650573725,0.0
2020-05-04,18.57999992370605,19.68000030517578,18.36000061035156,19.670000076293945,14044800,1,0,0,0,0,249.0,18.86000061035156,4696.140151977538,2,0.0,0.0,-3283.600349426272,6918.089517593379,0.030029461841572402
2020-05-05,20.76000022888184,21.790000915527344,20.739999771118164,21.51000022888184,20954800,1,0,0,0,0,249.0,18.86000061035156,4696.140151977538,3,0.0,0.0,-3283.600349426272,7376.249555587765,0.06622638183984741
2020-05-06,21.290000915527344,21.51000022888184,20.299999237060547,20.850000381469727,17295800,0,0,0,0,0,249.0,18.86000061035156,4696.140151977538,4,0.0,0.0,-3283.600349426272,7211.909593582149,-0.022279609816227453
2020-05-07,21.8799991607666,21.90999984741211,20.270000457763672,20.46999931335449,12745400,-1,0,0,0,1,249.0,18.86000061035156,4696.140151977538,5,400.8896770477295,0.09,-2882.7106723785423,7117.2893276214545,-0.01312000167679539
2020-05-08,21.07999992370605,21.670000076293945,20.65999984741211,21.46999931335449,10523500,1,1,0,0,0,232.0,21.46999931335449,4981.039840698241,1,0.0,0.0,-2882.7106723785423,7117.2893276214545,0.0
2020-05-11,21.530000686645508,21.600000381469727,20.76000022888184,21.170000076293945,10461600,0,0,0,0,0,232.0,21.46999931335449,4981.039840698241,2,0.0,0.0,-2882.7106723785423,7047.6895046234085,-0.009778979017747158
2020-05-12,21.39999961853028,21.56999969482422,20.88999938964844,20.96999931335449,10138500,0,0,0,0,0,232.0,21.46999931335449,4981.039840698241,3,0.0,0.0,-2882.7106723785423,7001.2893276214545,-0.006583743079418447
2020-05-13,21.049999237060547,21.309999465942383,20.299999237060547,20.600000381469727,10082900,1,0,0,0,0,232.0,21.46999931335449,4981.039840698241,4,0.0,0.0,-2882.7106723785423,6915.44957542419,-0.012260563473446284
2020-05-14,20.729999542236328,21.81999969482422,20.59000015258789,21.450000762939453,11539700,1,0,0,0,0,232.0,21.46999931335449,4981.039840698241,5,0.0,0.0,-2882.7106723785423,7112.649663925166,0.028515873964547023
2020-05-15,21.950000762939453,22.61000061035156,21.68000030517578,22.38999938964844,11525000,1,0,0,0,0,232.0,21.46999931335449,4981.039840698241,6,0.0,0.0,-2882.7106723785423,7330.729345321652,0.03066082145203497
2020-05-18,24.040000915527344,24.799999237060547,23.799999237060547,24.309999465942383,19714100,1,0,0,0,0,232.0,21.46999931335449,4981.039840698241,7,0.0,0.0,-2882.7106723785423,7776.169363021846,0.06076339702603617
2020-05-19,24.46999931335449,24.709999084472656,24.040000915527344,24.440000534057617,9373400,-1,0,0,0,1,232.0,21.46999931335449,4981.039840698241,8,689.0402832031258,0.14,-2193.6703891754164,7806.32961082458,0.003878548215031863
2020-05-20,24.950000762939453,25.540000915527344,24.8799991607666,25.34000015258789,11752400,0,0,0,0,0,0.0,25.34000015258789,0.0,0,0.0,0.0,-2193.6703891754164,7806.32961082458,0.0
2020-05-21,26.5,27.489999771118164,25.8799991607666,26.600000381469727,21259800,0,0,0,0,0,0.0,26.600000381469727,0.0,0,0.0,0.0,-2193.6703891754164,7806.32961082458,0.0
2020-05-22,26.09000015258789,26.14999961853028,25.059999465942383,25.56999969482422,10614700,1,1,0,0,0,213.0,25.56999969482422,5446.409934997559,1,0.0,0.0,-2193.6703891754164,7806.32961082458,0.0
2020-05-26,25.93000030517578,25.989999771118164,25.32999992370605,25.65999984741211,12891300,0,0,0,0,0,213.0,25.56999969482422,5446.409934997559,2,0.0,0.0,-2193.6703891754164,7825.499643325801,0.0024557036990391357
2020-05-27,25.18000030517578,25.34000015258789,24.26000022888184,25.0,13839700,1,0,0,0,0,213.0,25.56999969482422,5446.409934997559,3,0.0,0.0,-2193.6703891754164,7684.919675827022,-0.017964343991591192
2020-05-28,24.84000015258789,25.57999992370605,24.549999237060547,25.030000686645508,8087000,-1,0,0,0,1,213.0,25.56999969482422,5446.409934997559,4,-115.01978874206543,-0.02,-2308.690177917482,7691.309822082515,0.0008315176377957645
2020-05-29,24.63999938964844,26.43000030517578,24.600000381469727,25.8799991607666,12747800,0,0,0,0,0,0.0,25.8799991607666,0.0,0,0.0,0.0,-2308.690177917482,7691.309822082515,0.0
2020-06-01,25.71999931335449,26.46999931335449,25.559999465942383,26.21999931335449,8201000,1,1,0,0,0,205.0,26.21999931335449,5375.09985923767,1,0.0,0.0,-2308.690177917482,7691.309822082515,0.0
2020-06-02,26.549999237060547,27.100000381469727,26.46999931335449,27.06999969482422,9131500,-1,0,0,0,1,205.0,26.21999931335449,5375.09985923767,2,174.25007820129468,0.03,-2134.440099716187,7865.55990028381,0.022655449101920855
2020-06-03,27.170000076293945,27.530000686645508,26.64999961853028,27.1200008392334,11428000,1,1,0,0,0,203.0,27.1200008392334,5505.36017036438,1,0.0,0.0,-2134.440099716187,7865.55990028381,0.0
2020-06-04,27.07999992370605,27.6200008392334,26.809999465942383,27.5,11377000,1,0,0,0,0,203.0,27.1200008392334,5505.36017036438,2,0.0,0.0,-2134.440099716187,7942.69972991943,0.00980729034087413
2020-06-05,28.59000015258789,29.190000534057617,28.3700008392334,28.8700008392334,11820600,-1,0,0,0,1,203.0,27.1200008392334,5505.36017036438,3,355.25,0.06,-1779.190099716187,8220.80990028381,0.03501456429440042
2020-06-08,28.96999931335449,29.0,28.11000061035156,28.3700008392334,14161900,1,1,0,0,0,202.0,28.3700008392334,5730.7401695251465,1,0.0,0.0,-1779.190099716187,8220.80990028381,0.0
2020-06-09,28.06999969482422,28.549999237060547,27.68000030517578,28.420000076293945,10176400,1,0,0,0,0,202.0,28.3700008392334,5730.7401695251465,2,0.0,0.0,-1779.190099716187,8230.90974617004,0.0012285706650243533
2020-06-10,28.07999992370605,29.06999969482422,27.71999931335449,28.43000030517578,8303000,-1,0,0,0,1,202.0,28.3700008392334,5730.7401695251465,3,12.119892120361328,0.0,-1767.0702075958257,8232.929792404171,0.00024542198814292426
2020-06-11,26.799999237060547,27.170000076293945,25.940000534057617,26.36000061035156,22801300,1,1,0,0,0,218.0,26.36000061035156,5746.48013305664,1,0.0,0.0,-1767.0702075958257,8232.929792404171,0.0
2020-06-12,26.63999938964844,26.809999465942383,25.850000381469727,26.43000030517578,8885100,-1,0,0,0,1,218.0,26.36000061035156,5746.48013305664,2,15.259933471680462,0.0,-1751.8102741241453,8248.18972587585,0.0018535240620851656
2020-06-15,25.46999931335449,27.06999969482422,25.36000061035156,26.979999542236328,8642100,1,1,0,0,0,214.0,26.979999542236328,5773.719902038574,1,0.0,0.0,-1751.8102741241453,8248.18972587585,0.0
2020-06-16,27.86000061035156,28.290000915527344,26.96999931335449,27.63999938964844,11803900,1,0,0,0,0,214.0,26.979999542236328,5773.719902038574,2,0.0,0.0,-1751.8102741241453,8389.429693222042,0.017123753458665014
2020-06-17,27.46999931335449,27.75,27.170000076293945,27.280000686645508,7388800,1,0,0,0,0,214.0,26.979999542236328,5773.719902038574,3,0.0,0.0,-1751.8102741241453,8312.389970779415,-0.009182951077695845
2020-06-18,27.309999465942383,28.020000457763672,27.239999771118164,27.88999938964844,6278300,-1,0,0,0,1,214.0,26.979999542236328,5773.719902038574,4,194.73996734619217,0.03,-1557.0703067779532,8442.929693222042,0.01570423463065551
2020-06-19,28.65999984741211,28.86000061035156,27.540000915527344,28.229999542236328,13501000,-1,0,0,1,0,-209.0,28.229999542236328,5900.069904327393,1,0.0,0.0,-1557.0703067779532,8442.929693222042,0.0
2020-06-22,28.43000030517578,29.040000915527344,28.32999992370605,28.979999542236328,8862100,1,0,1,0,0,-209.0,28.229999542236328,5900.069904327393,2,-156.75,-0.03,-1713.8203067779532,8286.179693222042,-0.018565830309571152
2020-06-23,29.299999237060547,29.420000076293945,28.59000015258789,28.71999931335449,7358700,1,1,0,0,0,201.0,28.71999931335449,5772.719861984252,1,0.0,0.0,-1713.8203067779532,8286.179693222042,0.0
2020-06-24,28.40999984741211,28.6200008392334,26.81999969482422,27.25,11101100,1,0,0,0,0,201.0,28.71999931335449,5772.719861984252,2,0.0,0.0,-1713.8203067779532,7990.70983123779,-0.03565815284285245
2020-06-25,27.18000030517578,28.049999237060547,27.09000015258789,27.940000534057617,8768600,1,0,0,0,0,201.0,28.71999931335449,5772.719861984252,3,0.0,0.0,-1713.8203067779532,8129.399938583371,0.017356418925813744
2020-06-26,27.670000076293945,27.700000762939453,27.1200008392334,27.36000061035156,5255000,-1,0,0,0,1,201.0,28.71999931335449,5772.719861984252,4,-273.35973930358887,-0.05,-1987.180046081542,8012.819953918453,-0.014340539959365461
2020-06-29,27.809999465942383,28.46999931335449,27.6200008392334,28.270000457763672,6966500,1,1,0,0,0,198.0,28.270000457763672,5597.460090637207,1,0.0,0.0,-1987.180046081542,8012.819953918453,0.0
2020-06-30,27.88999938964844,28.549999237060547,27.799999237060547,28.059999465942383,5840600,1,0,0,0,0,198.0,28.270000457763672,5597.460090637207,2,0.0,0.0,-1987.180046081542,7971.239757537838,-0.0051892088702532035
2020-07-01,28.299999237060547,28.51000022888184,27.93000030517578,28.350000381469727,6960400,1,0,0,0,0,198.0,28.270000457763672,5597.460090637207,3,0.0,0.0,-1987.180046081542,8028.659938812252,0.0072034191695358185
2020-07-02,28.790000915527344,29.049999237060547,28.34000015258789,28.75,5545500,-1,0,0,0,1,198.0,28.270000457763672,5597.460090637207,4,95.03990936279297,0.02,-1892.140136718749,8107.859863281246,0.009864650523573104
2020-07-06,28.790000915527344,29.26000022888184,28.770000457763672,28.959999084472656,6146000,1,1,0,0,0,195.0,28.959999084472656,5647.199821472168,1,0.0,0.0,-1892.140136718749,8107.859863281246,0.0
2020-07-07,28.850000381469727,29.209999084472656,28.76000022888184,28.790000915527344,4674500,1,0,0,0,0,195.0,28.959999084472656,5647.199821472168,2,0.0,0.0,-1892.140136718749,8074.71022033691,-0.004088581142659309
2020-07-08,29.030000686645508,29.290000915527344,28.84000015258789,29.18000030517578,4676500,0,0,0,0,0,195.0,28.959999084472656,5647.199821472168,3,0.0,0.0,-1892.140136718749,8150.760101318356,0.009418279901847848
2020-07-09,29.06999969482422,29.11000061035156,28.209999084472656,28.40999984741211,5602300,1,0,0,0,0,195.0,28.959999084472656,5647.199821472168,4,0.0,0.0,-1892.140136718749,8000.61001205444,-0.018421605764059934
2020-07-10,28.479999542236328,29.170000076293945,28.40999984741211,29.030000686645508,5432400,1,0,0,0,0,195.0,28.959999084472656,5647.199821472168,5,0.0,0.0,-1892.140136718749,8121.510175704952,0.015111368191719654
2020-07-13,29.01000022888184,29.14999961853028,28.38999938964844,28.5,6540200,0,0,0,0,0,195.0,28.959999084472656,5647.199821472168,6,0.0,0.0,-1892.140136718749,8018.160041809078,-0.012725482288385215
2020-07-14,28.229999542236328,29.07999992370605,28.15999984741211,28.8799991607666,5057500,0,0,0,0,0,195.0,28.959999084472656,5647.199821472168,7,0.0,0.0,-1892.140136718749,8092.259878158566,0.009241501287466036
2020-07-15,29.07999992370605,29.5,28.809999465942383,29.290000915527344,7041200,1,0,0,0,0,195.0,28.959999084472656,5647.199821472168,8,0.0,0.0,-1892.140136718749,8172.21022033691,0.009879853512136272
2020-07-16,29.18000030517578,29.43000030517578,29.030000686645508,29.15999984741211,3240400,1,0,0,0,0,195.0,28.959999084472656,5647.199821472168,9,0.0,0.0,-1892.140136718749,8146.86001205444,-0.003102001490292716
2020-07-17,29.170000076293945,29.239999771118164,28.71999931335449,29.100000381469727,3570200,-1,0,0,0,1,195.0,28.959999084472656,5647.199821472168,10,27.30025291442871,0.0,-1864.8398838043204,8135.160116195675,-0.0014361233458599632
2020-07-20,28.89999961853028,29.25,28.59000015258789,29.1200008392334,3863800,1,1,0,0,0,195.0,29.1200008392334,5678.400163650513,1,0.0,0.0,-1864.8398838043204,8135.160116195675,0.0
2020-07-21,29.979999542236328,30.21999931335449,29.63999938964844,29.71999931335449,8346300,1,0,0,0,0,195.0,29.1200008392334,5678.400163650513,2,0.0,0.0,-1864.8398838043204,8252.159818649288,0.01438197906156602
2020-07-22,29.440000534057617,29.88999938964844,29.36000061035156,29.75,3925800,-1,0,0,0,1,195.0,29.1200008392334,5678.400163650513,3,122.8498363494873,0.02,-1741.990047454833,8258.009952545162,0.0007089215459270548
2020-07-23,29.59000015258789,29.93000030517578,29.1200008392334,29.40999984741211,5925100,0,0,0,0,0,0.0,29.40999984741211,0.0,0,0.0,0.0,-1741.990047454833,8258.009952545162,0.0
2020-07-24,29.3700008392334,29.51000022888184,29.059999465942383,29.440000534057617,4947500,1,1,0,0,0,196.0,29.440000534057617,5770.240104675293,1,0.0,0.0,-1741.990047454833,8258.009952545162,0.0
2020-07-27,29.34000015258789,29.86000061035156,28.979999542236328,29.71999931335449,6268500,0,0,0,0,0,196.0,29.440000534057617,5770.240104675293,2,0.0,0.0,-1741.990047454833,8312.88971328735,0.006645639937170822
2020-07-28,29.459999084472656,29.540000915527344,29.270000457763672,29.350000381469727,4423700,1,0,0,0,0,196.0,29.440000534057617,5770.240104675293,3,0.0,0.0,-1741.990047454833,8240.369922637936,-0.008723776346208245
2020-07-29,29.600000381469727,29.75,29.450000762939453,29.56999969482422,3114500,0,0,0,0,0,196.0,29.440000534057617,5770.240104675293,4,0.0,0.0,-1741.990047454833,8283.489788055416,0.005232758458940223
2020-07-30,28.989999771118164,29.01000022888184,27.89999961853028,28.93000030517578,10024400,-1,0,0,0,1,196.0,29.440000534057617,5770.240104675293,5,-99.96004486083984,-0.02,-1841.950092315673,8158.0499076843225,-0.015143361503502373
2020-07-31,29.09000015258789,29.15999984741211,28.59000015258789,29.06999969482422,5028500,0,0,0,0,0,0.0,29.06999969482422,0.0,0,0.0,0.0,-1841.950092315673,8158.0499076843225,0.0
2020-08-03,29.14999961853028,29.64999961853028,29.030000686645508,29.34000015258789,5893900,1,1,0,0,0,194.0,29.34000015258789,5691.960029602051,1,0.0,0.0,-1841.950092315673,8158.0499076843225,0.0
2020-08-04,29.229999542236328,30.14999961853028,29.209999084472656,29.780000686645508,7706300,1,0,0,0,0,194.0,29.34000015258789,5691.960029602051,2,0.0,0.0,-1841.950092315673,8243.4100112915,0.010463297549427208
2020-08-05,30.84000015258789,31.020000457763672,30.14999961853028,30.229999542236328,9100400,0,0,0,0,0,194.0,29.34000015258789,5691.960029602051,3,0.0,0.0,-1841.950092315673,8330.70978927612,0.01059025062019714
2020-08-06,30.520000457763672,30.57999992370605,30.1200008392334,30.18000030517578,4339800,1,0,0,0,0,194.0,29.34000015258789,5691.960029602051,4,0.0,0.0,-1841.950092315673,8321.009937286373,-0.0011643488052160977
2020-08-07,29.88999938964844,29.920000076293945,29.57999992370605,29.850000381469727,4867900,1,0,0,0,0,194.0,29.34000015258789,5691.960029602051,5,0.0,0.0,-1841.950092315673,8256.989952087399,-0.007693775837485983
2020-08-10,30.15999984741211,30.36000061035156,29.96999931335449,30.15999984741211,4234800,1,0,0,0,0,194.0,29.34000015258789,5691.960029602051,6,0.0,0.0,-1841.950092315673,8317.129848480221,0.0072835133313464695
2020-08-11,30.600000381469727,30.65999984741211,29.81999969482422,29.81999969482422,5563600,1,0,0,0,0,194.0,29.34000015258789,5691.960029602051,7,0.0,0.0,-1841.950092315673,8251.16981887817,-0.007930624001752706
2020-08-12,30.46999931335449,30.76000022888184,30.309999465942383,30.559999465942383,5307400,0,0,0,0,0,194.0,29.34000015258789,5691.960029602051,8,0.0,0.0,-1841.950092315673,8394.729774475094,0.0173987396633708
2020-08-13,30.479999542236328,30.65999984741211,30.26000022888184,30.39999961853028,3414100,0,0,0,0,0,194.0,29.34000015258789,5691.960029602051,9,0.0,0.0,-1841.950092315673,8363.689804077147,-0.003697554445686535
2020-08-14,30.229999542236328,30.420000076293945,30.020000457763672,30.32999992370605,3792900,1,0,0,0,0,194.0,29.34000015258789,5691.960029602051,10,0.0,0.0,-1841.950092315673,8350.109863281246,-0.0016236781987395421
2020-08-17,30.239999771118164,30.850000381469727,30.21999931335449,30.770000457763672,4307900,1,0,0,0,0,194.0,29.34000015258789,5691.960029602051,11,0.0,0.0,-1841.950092315673,8435.469966888424,0.010222632397034692
2020-08-18,30.40999984741211,30.82999992370605,30.38999938964844,30.600000381469727,5589500,0,0,0,0,0,194.0,29.34000015258789,5691.960029602051,12,0.0,0.0,-1841.950092315673,8402.489952087399,-0.003909683151084753
2020-08-19,30.59000015258789,30.81999969482422,30.40999984741211,30.65999984741211,3781500,0,0,0,0,0,194.0,29.34000015258789,5691.960029602051,13,0.0,0.0,-1841.950092315673,8414.129848480221,0.0013852913195011585
2020-08-20,30.020000457763672,30.59000015258789,29.780000686645508,30.520000457763672,6112100,1,0,0,0,0,194.0,29.34000015258789,5691.960029602051,14,0.0,0.0,-1841.950092315673,8386.969966888424,-0.0032278895240370753
2020-08-21,30.0,30.239999771118164,29.63999938964844,30.18000030517578,6523300,1,0,0,0,0,194.0,29.34000015258789,5691.960029602051,15,0.0,0.0,-1841.950092315673,8321.009937286373,-0.007864583975197181
2020-08-24,30.32999992370605,30.540000915527344,30.229999542236328,30.350000381469727,4511800,0,0,0,0,0,194.0,29.34000015258789,5691.960029602051,16,0.0,0.0,-1841.950092315673,8353.989952087399,0.0039634629749980554
2020-08-25,30.96999931335449,31.020000457763672,30.59000015258789,30.920000076293945,5251900,0,0,0,0,0,194.0,29.34000015258789,5691.960029602051,17,0.0,0.0,-1841.950092315673,8464.569892883297,0.013236781637290251
2020-08-26,31.06999969482422,31.190000534057617,30.84000015258789,30.93000030517578,5402600,1,0,0,0,0,194.0,29.34000015258789,5691.960029602051,18,0.0,0.0,-1841.950092315673,8466.509937286373,0.0002291958631834845
2020-08-27,30.88999938964844,30.89999961853028,30.270000457763672,30.670000076293945,4372600,1,0,0,0,0,194.0,29.34000015258789,5691.960029602051,19,0.0,0.0,-1841.950092315673,8416.069892883297,-0.0059575958425253095
2020-08-28,30.71999931335449,30.799999237060547,30.520000457763672,30.71999931335449,2437800,1,0,0,0,0,194.0,29.34000015258789,5691.960029602051,20,0.0,0.0,-1841.950092315673,8425.769744873043,0.0011525393815881024
2020-08-31,30.89999961853028,30.89999961853028,30.38999938964844,30.57999992370605,3825200,0,0,0,0,0,194.0,29.34000015258789,5691.960029602051,21,0.0,0.0,-1841.950092315673,8398.609863281246,-0.003223430311316444
2020-09-01,30.63999938964844,30.940000534057617,30.540000915527344,30.61000061035156,3930300,1,0,0,0,0,194.0,29.34000015258789,5691.960029602051,22,0.0,0.0,-1841.950092315673,8404.429996490475,0.0006929876853398742
2020-09-02,30.57999992370605,30.600000381469727,29.59000015258789,29.86000061035156,7281600,0,0,0,0,0,194.0,29.34000015258789,5691.960029602051,23,0.0,0.0,-1841.950092315673,8258.929996490475,-0.017312298402242354
2020-09-03,29.14999961853028,29.780000686645508,29.040000915527344,29.63999938964844,7999000,1,0,0,0,0,194.0,29.34000015258789,5691.960029602051,24,0.0,0.0,-1841.950092315673,8216.249759674069,-0.005167768322838717
2020-09-04,29.420000076293945,29.450000762939453,28.39999961853028,28.51000022888184,7365900,1,0,0,0,0,194.0,29.34000015258789,5691.960029602051,25,0.0,0.0,-1841.950092315673,7997.029922485349,-0.02668125283443379
2020-09-08,26.8799991607666,26.959999084472656,26.270000457763672,26.75,10546400,1,0,0,0,0,194.0,29.34000015258789,5691.960029602051,26,0.0,0.0,-1841.950092315673,7655.589878082272,-0.042695856800916254
2020-09-09,26.84000015258789,27.690000534057617,26.709999084472656,27.40999984741211,5310500,1,0,0,0,0,194.0,29.34000015258789,5691.960029602051,27,0.0,0.0,-1841.950092315673,7783.629848480221,0.016725030002524566
2020-09-10,27.229999542236328,27.46999931335449,26.75,26.790000915527344,4856800,1,0,0,0,0,194.0,29.34000015258789,5691.960029602051,28,0.0,0.0,-1841.950092315673,7663.350055694576,-0.015452917870847793
2020-09-11,26.920000076293945,27.270000457763672,26.729999542236328,27.040000915527344,3362000,1,0,0,0,0,194.0,29.34000015258789,5691.960029602051,29,0.0,0.0,-1841.950092315673,7711.850055694576,0.006328824815194256
2020-09-14,26.739999771118164,27.020000457763672,26.600000381469727,26.940000534057617,3311200,-1,0,0,0,1,194.0,29.34000015258789,5691.960029602051,30,-465.59992599487305,-0.08,-2307.550018310546,7692.4499816894495,-0.002515618673213371
2020-09-15,27.059999465942383,27.700000762939453,26.959999084472656,27.520000457763672,3914100,-1,0,0,1,0,-195.0,27.520000457763672,5366.400089263916,1,0.0,0.0,-2307.550018310546,7692.4499816894495,0.0
2020-09-16,28.200000762939453,28.799999237060547,28.059999465942383,28.700000762939453,5785600,1,0,1,0,0,-195.0,27.520000457763672,5366.400089263916,2,-230.10005950927734,-0.04,-2537.6500778198233,7462.349922180172,-0.029912454427001967
2020-09-17,28.56999969482422,29.38999938964844,28.43000030517578,29.229999542236328,4584300,-1,0,0,1,0,-178.0,29.229999542236328,5202.939918518066,1,0.0,0.0,-2537.6500778198233,7462.349922180172,0.0
2020-09-18,29.190000534057617,29.43000030517578,28.89999961853028,29.059999465942383,3058100,1,0,1,0,0,-178.0,29.229999542236328,5202.939918518066,2,30.260013580322266,0.01,-2507.390064239501,7492.609935760494,0.0040550247436643705
2020-09-21,28.670000076293945,28.76000022888184,27.65999984741211,28.290000915527344,5361800,-1,0,0,1,0,-185.0,28.290000915527344,5233.650169372559,1,0.0,0.0,-2507.390064239501,7492.609935760494,0.0
2020-09-22,28.36000061035156,28.530000686645508,27.81999969482422,28.170000076293945,3020500,1,0,1,0,0,-185.0,28.290000915527344,5233.650169372559,2,22.20015525817871,0.0,-2485.1899089813223,7514.810091018673,0.0029629402102226976
2020-09-23,28.350000381469727,28.84000015258789,28.0,28.030000686645508,5108100,1,1,0,0,0,187.0,28.030000686645508,5241.61012840271,1,0.0,0.0,-2485.1899089813223,7514.810091018673,0.0
2020-09-24,28.299999237060547,28.59000015258789,28.1299991607666,28.5,3418800,1,0,0,0,0,187.0,28.030000686645508,5241.61012840271,2,0.0,0.0,-2485.1899089813223,7602.699962615963,0.011695554582587642
2020-09-25,28.299999237060547,28.559999465942383,28.170000076293945,28.350000381469727,2445200,1,0,0,0,0,187.0,28.030000686645508,5241.61012840271,3,0.0,0.0,-2485.1899089813223,7574.650033950802,-0.003689469373129084
2020-09-28,28.5,28.86000061035156,28.299999237060547,28.690000534057617,2428800,1,0,0,0,0,187.0,28.030000686645508,5241.61012840271,4,0.0,0.0,-2485.1899089813223,7638.230062484738,0.00839379090109249
2020-09-29,28.309999465942383,28.31999969482422,27.280000686645508,27.700000762939453,5337100,0,0,0,0,0,187.0,28.030000686645508,5241.61012840271,5,0.0,0.0,-2485.1899089813223,7453.100105285641,-0.024237284774697332
2020-09-30,27.940000534057617,28.559999465942383,27.88999938964844,28.290000915527344,3445400,1,0,0,0,0,187.0,28.030000686645508,5241.61012840271,6,0.0,0.0,-2485.1899089813223,7563.430133819576,0.01480323985661891
2020-10-01,27.76000022888184,27.86000061035156,26.770000457763672,27.51000022888184,6557100,1,0,0,0,0,187.0,28.030000686645508,5241.61012840271,7,0.0,0.0,-2485.1899089813223,7417.570005416867,-0.01928491779814312
2020-10-02,26.25,26.88999938964844,26.09000015258789,26.350000381469727,8583300,1,0,0,0,0,187.0,28.030000686645508,5241.61012840271,8,0.0,0.0,-2485.1899089813223,7200.650033950802,-0.029244074718223656
2020-10-05,27.57999992370605,28.15999984741211,27.440000534057617,27.93000030517578,7854900,1,0,0,0,0,187.0,28.030000686645508,5241.61012840271,9,0.0,0.0,-2485.1899089813223,7496.110019683834,0.041032404621798024
2020-10-06,28.65999984741211,28.90999984741211,28.309999465942383,28.38999938964844,6288700,1,0,0,0,0,187.0,28.030000686645508,5241.61012840271,10,0.0,0.0,-2485.1899089813223,7582.129848480222,0.011475262312120593
2020-10-07,28.15999984741211,28.40999984741211,27.88999938964844,28.38999938964844,5526200,1,0,0,0,0,187.0,28.030000686645508,5241.61012840271,11,0.0,0.0,-2485.1899089813223,7582.129848480222,0.0
2020-10-08,28.989999771118164,29.200000762939453,28.75,29.13999938964844,6567400,1,0,0,0,0,187.0,28.030000686645508,5241.61012840271,12,0.0,0.0,-2485.1899089813223,7722.379848480222,0.018497441062436115
2020-10-09,28.989999771118164,29.25,28.59000015258789,28.690000534057617,4596400,1,0,0,0,0,187.0,28.030000686645508,5241.61012840271,13,0.0,0.0,-2485.1899089813223,7638.230062484738,-0.010896872162024618
2020-10-12,28.39999961853028,28.39999961853028,27.729999542236328,28.06999969482422,4553100,-1,0,0,0,1,187.0,28.030000686645508,5241.61012840271,14,7.479814529418945,0.0,-2477.7100944519034,7522.289905548092,-0.015178929671952002
2020-10-13,28.459999084472656,28.64999961853028,28.270000457763672,28.459999084472656,3624000,1,1,0,0,0,185.0,28.459999084472656,5265.099830627441,1,0.0,0.0,-2477.7100944519034,7522.289905548092,0.0
2020-10-14,28.88999938964844,29.049999237060547,28.799999237060547,28.979999542236328,3196000,1,0,0,0,0,185.0,28.459999084472656,5265.099830627441,2,0.0,0.0,-2477.7100944519034,7618.489990234371,0.012788670191416829
2020-10-15,28.06999969482422,28.950000762939453,28.01000022888184,28.940000534057617,5276500,-1,0,0,0,1,185.0,28.459999084472656,5265.099830627441,3,88.80026817321777,0.02,-2388.9098262786856,7611.09017372131,-0.0009712970053838976
2020-10-16,28.59000015258789,28.8700008392334,28.32999992370605,28.71999931335449,2516700,-1,0,0,1,0,-185.0,28.71999931335449,5313.19987297058,1,0.0,0.0,-2388.9098262786856,7611.09017372131,0.0
2020-10-19,28.82999992370605,29.01000022888184,28.59000015258789,28.59000015258789,2803000,-1,0,0,0,0,-185.0,28.71999931335449,5313.19987297058,2,0.0,0.0,-2388.9098262786856,7635.14001846313,0.0031598423081173888
2020-10-20,28.479999542236328,29.309999465942383,28.459999084472656,29.049999237060547,4391800,1,0,1,0,0,-185.0,28.71999931335449,5313.19987297058,3,-61.04998588562077,-0.01,-2449.959812164306,7550.040187835689,-0.011145811395947502
2020-10-21,28.61000061035156,28.780000686645508,27.93000030517578,28.100000381469727,5165700,1,1,0,0,0,188.0,28.100000381469727,5282.800071716309,1,0.0,0.0,-2449.959812164306,7550.040187835689,0.0
2020-10-22,28.299999237060547,28.75,28.280000686645508,28.51000022888184,3235600,-1,0,0,0,1,188.0,28.100000381469727,5282.800071716309,2,77.07997131347723,0.01,-2372.879840850829,7627.120159149166,0.010209213381097593
2020-10-23,28.549999237060547,28.559999465942383,27.780000686645508,27.8799991607666,3986200,1,1,0,0,0,191.0,27.8799991607666,5325.079839706421,1,0.0,0.0,-2372.879840850829,7627.120159149166,0.0
2020-10-26,27.32999992370605,27.459999084472656,26.950000762939453,27.11000061035156,4646700,1,0,0,0,0,191.0,27.8799991607666,5325.079839706421,2,0.0,0.0,-2372.879840850829,7480.050436019893,-0.019282470979935296
2020-10-27,27.309999465942383,27.950000762939453,27.229999542236328,27.690000534057617,3037200,-1,0,0,0,1,191.0,27.8799991607666,5325.079839706421,3,-36.289737701416016,-0.01,-2409.169578552245,7590.83042144775,0.014810058618642596
2020-10-28,26.440000534057617,26.559999465942383,26.09000015258789,26.309999465942383,7011000,1,1,0,0,0,201.0,26.309999465942383,5288.309892654419,1,0.0,0.0,-2409.169578552245,7590.83042144775,0.0
2020-10-29,24.920000076293945,25.739999771118164,24.75,25.600000381469727,8401400,1,0,0,0,0,201.0,26.309999465942383,5288.309892654419,2,0.0,0.0,-2409.169578552245,7448.120605468746,-0.018800290357663618
2020-10-30,25.309999465942383,25.39999961853028,24.959999084472656,25.25,5424500,1,0,0,0,0,201.0,26.309999465942383,5288.309892654419,3,0.0,0.0,-2409.169578552245,7377.770528793331,-0.009445346068075344
2020-11-02,25.15999984741211,26.290000915527344,25.13999938964844,26.26000022888184,5385100,1,0,0,0,0,201.0,26.309999465942383,5288.309892654419,4,0.0,0.0,-2409.169578552245,7580.780574798581,0.027516448934398197
2020-11-03,26.940000534057617,27.01000022888184,26.450000762939453,26.71999931335449,7241300,1,0,0,0,0,201.0,26.309999465942383,5288.309892654419,5,0.0,0.0,-2409.169578552245,7673.240390777583,0.012196608919980312
2020-11-04,27.1200008392334,27.6299991607666,26.690000534057617,27.440000534057617,5982500,1,0,0,0,0,201.0,26.309999465942383,5288.309892654419,6,0.0,0.0,-2409.169578552245,7817.960636138912,0.018860382053879965
2020-11-05,27.40999984741211,27.700000762939453,27.07999992370605,27.15999984741211,5115000,1,0,0,0,0,201.0,26.309999465942383,5288.309892654419,7,0.0,0.0,-2409.169578552245,7761.680498123165,-0.007198825964355615
2020-11-06,26.82999992370605,26.8700008392334,26.200000762939453,26.46999931335449,5117700,1,0,0,0,0,201.0,26.309999465942383,5288.309892654419,8,0.0,0.0,-2409.169578552245,7622.990390777583,-0.01786856691397154
2020-11-09,28.59000015258789,28.81999969482422,28.059999465942383,28.06999969482422,9840300,1,0,0,0,0,201.0,26.309999465942383,5288.309892654419,9,0.0,0.0,-2409.169578552245,7944.590467452999,0.04218817815440157
2020-11-10,28.65999984741211,28.96999931335449,28.46999931335449,28.90999984741211,6602400,1,0,0,0,0,201.0,26.309999465942383,5288.309892654419,10,0.0,0.0,-2409.169578552245,8113.430498123165,0.021252200646699304
2020-11-11,29.700000762939453,29.75,28.920000076293945,29.040000915527344,6376600,1,0,0,0,0,201.0,26.309999465942383,5288.309892654419,11,0.0,0.0,-2409.169578552245,8139.560712814327,0.0032206123781064466
2020-11-12,29.209999084472656,29.440000534057617,28.6200008392334,28.65999984741211,6070900,1,0,0,0,0,201.0,26.309999465942383,5288.309892654419,12,0.0,0.0,-2409.169578552245,8063.180498123165,-0.009383825170185767
2020-11-13,28.520000457763672,28.56999969482422,28.059999465942383,28.1299991607666,4367600,1,0,0,0,0,201.0,26.309999465942383,5288.309892654419,13,0.0,0.0,-2409.169578552245,7956.650360107418,-0.013211925249663414
2020-11-16,29.1200008392334,29.170000076293945,28.65999984741211,28.809999465942383,4576600,1,0,0,0,0,201.0,26.309999465942383,5288.309892654419,14,0.0,0.0,-2409.169578552245,8093.33042144775,0.017178090673131807
2020-11-17,28.56999969482422,29.020000457763672,28.479999542236328,28.8700008392334,3613700,-1,0,0,0,1,201.0,26.309999465942383,5288.309892654419,15,514.5602760314941,0.1,-1894.609302520751,8105.390697479244,0.0014901499634234483
2020-11-18,29.06999969482422,29.36000061035156,28.959999084472656,29.0,4112100,-1,0,0,1,0,-195.0,29.0,5655.0,1,0.0,0.0,-1894.609302520751,8105.390697479244,0.0
2020-11-19,28.93000030517578,29.13999938964844,28.75,29.09000015258789,2934300,1,0,1,0,0,-195.0,29.0,5655.0,2,-17.550029754638672,-0.0,-1912.1593322753897,8087.840667724606,-0.002165229340529762
2020-11-20,28.93000030517578,29.36000061035156,28.920000076293945,29.270000457763672,4907100,-1,0,0,1,0,-193.0,29.270000457763672,5649.110088348389,1,0.0,0.0,-1912.1593322753897,8087.840667724606,0.0
2020-11-23,29.57999992370605,29.71999931335449,29.40999984741211,29.520000457763672,4398000,1,0,1,0,0,-193.0,29.270000457763672,5649.110088348389,2,-48.25,-0.01,-1960.4093322753897,8039.590667724606,-0.0059657456152105715
2020-11-24,30.229999542236328,31.030000686645508,30.209999084472656,30.799999237060547,9091700,-1,0,0,1,0,-182.0,30.799999237060547,5605.5998611450195,1,0.0,0.0,-1960.4093322753897,8039.590667724606,0.0
2020-11-25,31.299999237060547,31.68000030517578,31.020000457763672,31.3700008392334,5865600,1,0,1,0,0,-182.0,30.799999237060547,5605.5998611450195,2,-103.74029159545898,-0.02,-2064.1496238708487,7935.850376129147,-0.012903678294459708
2020-11-27,31.1200008392334,31.36000061035156,31.030000686645508,31.21999931335449,2904900,1,1,0,0,0,177.0,31.21999931335449,5525.939878463744,1,0.0,0.0,-2064.1496238708487,7935.850376129147,0.0
2020-11-30,31.1200008392334,31.290000915527344,30.68000030517578,30.96999931335449,6778500,1,0,0,0,0,177.0,31.21999931335449,5525.939878463744,2,0.0,0.0,-2064.1496238708487,7891.600376129147,-0.005575961982990929
2020-12-01,30.920000076293945,30.959999084472656,30.34000015258789,30.6200008392334,4543100,0,0,0,0,0,177.0,31.21999931335449,5525.939878463744,3,0.0,0.0,-2064.1496238708487,7829.650646209714,-0.007850084516040745
2020-12-02,30.57999992370605,31.43000030517578,30.57999992370605,30.96999931335449,7064300,1,0,0,0,0,177.0,31.21999931335449,5525.939878463744,4,0.0,0.0,-2064.1496238708487,7891.600376129147,0.007912195922741727
2020-12-03,30.88999938964844,31.36000061035156,30.809999465942383,31.25,5559700,1,0,0,0,0,177.0,31.21999931335449,5525.939878463744,5,0.0,0.0,-2064.1496238708487,7941.1604976654025,0.0062801103925849144
2020-12-04,31.309999465942383,31.739999771118164,31.280000686645508,31.559999465942383,6930200,1,0,0,0,0,177.0,31.21999931335449,5525.939878463744,6,0.0,0.0,-2064.1496238708487,7996.030403137204,0.006909557549923839
2020-12-07,31.440000534057617,31.8700008392334,31.309999465942383,31.39999961853028,4785400,-1,0,0,0,1,177.0,31.21999931335449,5525.939878463744,7,31.860054016115168,0.01,-2032.2895698547336,7967.710430145262,-0.003541754040959022
2020-12-08,31.21999931335449,31.46999931335449,31.040000915527344,31.40999984741211,3786000,-1,0,0,1,0,-177.0,31.40999984741211,5559.569972991943,1,0.0,0.0,-2032.2895698547336,7967.710430145262,0.0
2020-12-09,31.549999237060547,31.65999984741211,30.89999961853028,31.34000015258789,7632800,-1,0,0,0,0,-177.0,31.40999984741211,5559.569972991943,2,0.0,0.0,-2032.2895698547336,7980.100376129149,0.0015550196122853244
2020-12-10,31.84000015258789,32.650001525878906,31.82999992370605,32.11000061035156,7572000,-1,0,0,0,0,-177.0,31.40999984741211,5559.569972991943,3,0.0,0.0,-2032.2895698547336,7843.810295104979,-0.017078742697504645
2020-12-11,32.029998779296875,32.130001068115234,31.770000457763672,31.940000534057617,3394000,-1,0,0,0,0,-177.0,31.40999984741211,5559.569972991943,4,0.0,0.0,-2032.2895698547336,7873.900308609007,0.0038361475318706706
2020-12-14,32.13999938964844,32.22999954223633,31.3700008392334,32.16999816894531,4877200,1,0,1,0,0,-177.0,31.40999984741211,5559.569972991943,5,-134.51970291137695,-0.02,-2166.8092727661106,7833.190727233885,-0.005170192633835113
2020-12-15,32.31999969482422,32.619998931884766,32.25,32.540000915527344,3509400,-1,0,0,1,0,-168.0,32.540000915527344,5466.720153808594,1,0.0,0.0,-2166.8092727661106,7833.190727233885,0.0
2020-12-16,32.54999923706055,32.810001373291016,32.31999969482422,32.7400016784668,4349300,1,0,1,0,0,-168.0,32.540000915527344,5466.720153808594,2,-33.600128173828125,-0.01,-2200.4094009399387,7799.590599060057,-0.004289456154438986
2020-12-17,33.0099983215332,33.22999954223633,32.91999816894531,33.15999984741211,4534000,-1,0,0,1,0,-164.0,33.15999984741211,5438.239974975586,1,0.0,0.0,-2200.4094009399387,7799.590599060057,0.0
2020-12-18,33.33000183105469,33.66999816894531,33.2599983215332,33.47999954223633,4759000,1,0,1,0,0,-164.0,33.15999984741211,5438.239974975586,2,-52.479949951171875,-0.01,-2252.8893508911106,7747.110649108885,-0.0067285518752094875
2020-12-21,32.18000030517578,32.84000015258789,32.119998931884766,32.63999938964844,6144300,-1,0,0,1,0,-166.0,32.63999938964844,5418.239898681641,1,0.0,0.0,-2252.8893508911106,7747.110649108885,0.0
2020-12-22,32.279998779296875,32.470001220703125,32.0,32.09000015258789,3749600,1,0,1,0,0,-166.0,32.63999938964844,5418.239898681641,2,91.29987335205078,0.02,-2161.5894775390598,7838.410522460936,0.011785022505461873
2020-12-23,32.33000183105469,33.08000183105469,32.33000183105469,32.75,5077500,-1,0,0,1,0,-167.0,32.75,5469.25,1,0.0,0.0,-2161.5894775390598,7838.410522460936,0.0
2020-12-24,32.65999984741211,32.91999816894531,32.56999969482422,32.91999816894531,1694300,1,0,1,0,0,-167.0,32.75,5469.25,2,-28.389694213867188,-0.01,-2189.979171752927,7810.0208282470685,-0.0036218687618512213
2020-12-28,32.880001068115234,33.04999923706055,32.5099983215332,32.59000015258789,4917500,-1,0,0,1,0,-167.0,32.59000015258789,5442.530025482178,1,0.0,0.0,-2189.979171752927,7810.0208282470685,0.0
2020-12-29,32.95000076293945,32.9900016784668,32.65999984741211,32.779998779296875,3631000,-1,0,0,0,0,-167.0,32.59000015258789,5442.530025482178,2,0.0,0.0,-2189.979171752927,7778.291057586668,-0.0040626998772705925
2020-12-30,32.58000183105469,33.220001220703125,32.54999923706055,32.90999984741211,4840000,-1,0,0,0,0,-167.0,32.59000015258789,5442.530025482178,3,0.0,0.0,-2189.979171752927,7756.580879211424,-0.0027911244532394797
