Date,Close_pred,Label,Open,High,Low,Volume,Close,Buy to open,Buy to close,Sell to open,Sell to close,Position,Cost,Invest Amt,Duration,Profit,Profit %,Cum Profit,Principle,Daily Return
2019-12-31,110.76762,1,101.68000030517578,103.68000030517578,101.5199966430664,1450663,102.4800033569336,1,0,0,0,68.0,102.4800033569336,6968.640228271484,1,0.0,0.0,0.0,10000.0,0.0
2020-01-02,109.961,1,102.4000015258789,102.8000030517578,101.5999984741211,1563638,102.4800033569336,0,0,0,0,68.0,102.4800033569336,6968.640228271484,2,0.0,0.0,0.0,10000.0,0.0
2020-01-03,111.771255,1,106.16000366210938,106.55999755859376,104.23999786376952,4325450,105.44000244140624,0,0,0,0,68.0,102.4800033569336,6968.640228271484,3,0.0,0.0,0.0,10201.279937744139,0.020127993774413877
2020-01-06,114.77879,-1,106.4000015258789,106.55999755859376,104.95999908447266,2598413,105.27999877929688,0,0,0,1,68.0,102.4800033569336,6968.640228271484,4,190.39968872070312,0.03,190.39968872070312,10190.399688720703,-0.0010665572447610128
2020-01-07,115.65204,-1,104.8000030517578,105.44000244140624,104.08000183105467,1742075,105.04000091552734,0,0,1,0,-67.0,105.04000091552734,7037.680061340332,1,0.0,0.0,190.39968872070312,10190.399688720703,0.0
2020-01-08,113.67881,-1,104.4800033569336,104.55999755859376,99.12000274658205,6918425,101.27999877929688,0,0,0,0,-67.0,105.04000091552734,7037.680061340332,2,0.0,0.0,190.39968872070312,10442.319831848145,0.024721321127990636
2020-01-09,111.05051,1,99.5999984741211,100.31999969482422,98.31999969482422,3439450,99.91999816894533,0,1,0,0,-67.0,105.04000091552734,7037.680061340332,3,343.0401840209951,0.05,533.4398727416983,10533.439872741697,0.00872603428748131
2020-01-10,110.60042,1,99.44000244140624,99.83999633789062,98.72000122070312,2016750,99.27999877929688,1,0,0,0,74.0,99.27999877929688,7346.719909667969,1,0.0,0.0,533.4398727416983,10533.439872741697,0.0
2020-01-13,112.698456,1,98.4800033569336,98.4800033569336,97.27999877929688,2858525,97.5999984741211,0,0,0,0,74.0,99.27999877929688,7346.719909667969,2,0.0,0.0,533.4398727416983,10409.11985015869,-0.011802414413996098
2020-01-14,115.18248,-1,98.16000366210938,98.55999755859376,97.5999984741211,2336713,98.23999786376952,0,0,0,1,74.0,99.27999877929688,7346.719909667969,3,-76.96006774902449,-0.01,456.47980499267385,10456.479804992672,0.004549852006292321
2020-01-15,114.467316,-1,97.5999984741211,97.76000213623048,96.4000015258789,1881763,97.44000244140624,0,0,1,0,-75.0,97.44000244140624,7308.000183105468,1,0.0,0.0,456.47980499267385,10456.479804992672,0.0
2020-01-16,111.142944,-1,97.5999984741211,98.87999725341795,97.5999984741211,1960813,98.31999969482422,0,0,0,0,-75.0,97.44000244140624,7308.000183105468,2,0.0,0.0,456.47980499267385,10390.480010986323,-0.0063118559244801364
2020-01-17,110.61137,-1,98.63999938964844,98.95999908447266,97.91999816894533,2220763,98.63999938964844,0,0,0,0,-75.0,97.44000244140624,7308.000183105468,3,0.0,0.0,456.47980499267385,10366.480033874506,-0.002309804463936249
2020-01-21,107.90908,0,97.76000213623048,98.72000122070312,97.68000030517578,1709638,97.91999816894533,0,0,0,0,-75.0,97.44000244140624,7308.000183105468,4,0.0,0.0,456.47980499267385,10420.48012542724,0.005209105827270077
2020-01-22,107.0189,0,96.23999786376952,96.31999969482422,95.04000091552734,3196463,95.1999969482422,0,0,0,0,-75.0,97.44000244140624,7308.000183105468,5,0.0,0.0,456.47980499267385,10624.480216979975,0.019576841863068184
2020-01-23,108.46533,0,92.8000030517578,93.68000030517578,92.0,3858525,93.27999877929688,0,0,0,0,-75.0,97.44000244140624,7308.000183105468,6,0.0,0.0,456.47980499267385,10768.480079650873,0.013553591303295809
2020-01-24,106.75689,0,91.91999816894533,92.0,90.4800033569336,3051025,91.44000244140624,0,0,0,0,-75.0,97.44000244140624,7308.000183105468,7,0.0,0.0,456.47980499267385,10906.479804992672,0.01281515351480067
2020-01-27,107.108086,-1,88.87999725341797,89.91999816894531,88.16000366210938,3142588,88.80000305175781,0,0,0,0,-75.0,97.44000244140624,7308.000183105468,8,0.0,0.0,456.47980499267385,11104.479759216303,0.01815434106731595
2020-01-28,107.18363,-1,89.27999877929688,90.55999755859376,88.87999725341797,3048700,90.0,0,0,0,0,-75.0,97.44000244140624,7308.000183105468,9,0.0,0.0,456.47980499267385,11014.479988098139,-0.008104816530775993
2020-01-29,106.99343,-1,90.23999786376952,90.31999969482422,88.72000122070312,2720475,89.27999877929688,0,0,0,0,-75.0,97.44000244140624,7308.000183105468,10,0.0,0.0,456.47980499267385,11068.480079650873,0.004902645573017006
2020-01-30,105.91669,-1,87.44000244140625,88.72000122070312,86.80000305175781,3689650,88.63999938964844,0,0,0,0,-75.0,97.44000244140624,7308.000183105468,11,0.0,0.0,456.47980499267385,11116.480033874506,0.004336634648860249
2020-01-31,101.33915,-1,87.04000091552734,87.83999633789062,85.5999984741211,4051950,86.72000122070312,0,0,0,0,-75.0,97.44000244140624,7308.000183105468,12,0.0,0.0,456.47980499267385,11260.479896545405,0.012953728359345495
2020-02-03,97.23759,-1,86.0,86.72000122070312,83.83999633789062,5058613,83.91999816894531,0,0,0,0,-75.0,97.44000244140624,7308.000183105468,13,0.0,0.0,456.47980499267385,11470.48012542724,0.018649314310863696
2020-02-04,95.11886,-1,85.44000244140625,85.5999984741211,83.19999694824219,5189425,83.5199966430664,0,0,0,0,-75.0,97.44000244140624,7308.000183105468,14,0.0,0.0,456.47980499267385,11500.480239868159,0.002615419242514072
2020-02-05,93.32555,-1,86.0,87.12000274658203,84.72000122070312,5089350,85.5999984741211,0,0,0,0,-75.0,97.44000244140624,7308.000183105468,15,0.0,0.0,456.47980499267385,11344.480102539057,-0.013564662872799338
2020-02-06,92.08097,-1,85.12000274658203,86.16000366210938,84.4000015258789,3249838,85.91999816894531,0,0,0,0,-75.0,97.44000244140624,7308.000183105468,16,0.0,0.0,456.47980499267385,11320.48012542724,-0.0021155643004252545
2020-02-07,91.46994,-1,84.80000305175781,85.76000213623047,84.31999969482422,2610963,84.63999938964844,0,0,0,0,-75.0,97.44000244140624,7308.000183105468,17,0.0,0.0,456.47980499267385,11416.480033874506,0.008480197605014839
2020-02-10,90.00698,-1,83.83999633789062,84.4800033569336,83.04000091552734,2825925,83.36000061035156,0,0,0,0,-75.0,97.44000244140624,7308.000183105468,18,0.0,0.0,456.47980499267385,11512.479942321772,0.008408888568316897
2020-02-11,88.62965,0,85.04000091552734,85.12000274658203,83.5999984741211,3117025,84.0,0,0,0,0,-75.0,97.44000244140624,7308.000183105468,19,0.0,0.0,456.47980499267385,11464.479988098139,-0.004169384395379283
2020-02-12,88.05633,0,86.55999755859375,86.87999725341797,85.68000030517578,3927025,86.4800033569336,0,0,0,0,-75.0,97.44000244140624,7308.000183105468,20,0.0,0.0,456.47980499267385,11278.47973632812,-0.016224046093945454
2020-02-13,88.41085,0,86.55999755859375,87.19999694824219,86.0,3609588,86.72000122070312,0,0,0,0,-75.0,97.44000244140624,7308.000183105468,21,0.0,0.0,456.47980499267385,11260.479896545405,-0.0015959455709918524
2020-02-14,89.362885,1,87.68000030517578,87.91999816894531,86.72000122070312,3057125,87.5999984741211,0,1,0,0,-75.0,97.44000244140624,7308.000183105468,22,738.0002975463857,0.1,1194.4801025390595,11194.480102539057,-0.005861188387414562
2020-02-18,89.39385,1,86.08000183105469,87.5999984741211,86.0,2676363,87.5999984741211,1,0,0,0,89.0,87.5999984741211,7796.399864196777,1,0.0,0.0,1194.4801025390595,11194.480102539057,0.0
2020-02-19,88.89556,1,89.04000091552734,89.83999633789062,88.16000366210938,3137575,89.44000244140625,0,0,0,0,89.0,87.5999984741211,7796.399864196777,2,0.0,0.0,1194.4801025390595,11358.240455627436,0.014628669807652317
2020-02-20,89.04373,1,90.4800033569336,91.44000244140624,90.0,3422725,90.23999786376952,0,0,0,0,89.0,87.5999984741211,7796.399864196777,3,0.0,0.0,1194.4801025390595,11429.440048217766,0.00626854070121885
2020-02-21,91.40886,1,88.63999938964844,89.68000030517578,87.91999816894531,3380650,89.27999877929688,0,0,0,0,89.0,87.5999984741211,7796.399864196777,4,0.0,0.0,1194.4801025390595,11344.000129699702,-0.007475424706513745
2020-02-24,93.94339,1,85.04000091552734,86.4800033569336,84.4000015258789,4694088,85.91999816894531,0,0,0,0,89.0,87.5999984741211,7796.399864196777,5,0.0,0.0,1194.4801025390595,11044.960075378413,-0.02636107641945218
2020-02-25,94.00671,1,86.08000183105469,86.23999786376953,83.19999694824219,4134238,83.19999694824219,0,0,0,0,89.0,87.5999984741211,7796.399864196777,6,0.0,0.0,1194.4801025390595,10802.879966735834,-0.02191769884096062
2020-02-26,94.79782,1,83.04000091552734,84.4000015258789,80.87999725341797,4913738,81.5199966430664,0,0,0,0,89.0,87.5999984741211,7796.399864196777,7,0.0,0.0,1194.4801025390595,10653.35993957519,-0.013840756133646326
2020-02-27,97.18208,1,77.76000213623047,79.91999816894531,76.80000305175781,6233213,78.23999786376953,0,0,0,0,89.0,87.5999984741211,7796.399864196777,8,0.0,0.0,1194.4801025390595,10361.440048217768,-0.027401673557747253
2020-02-28,100.13989,-1,75.36000061035156,76.0,73.36000061035156,5375025,75.5999984741211,0,0,0,1,89.0,87.5999984741211,7796.399864196777,9,-1068.0,-0.14,126.48010253905954,10126.480102539057,-0.022676379401444846
2020-03-02,100.32949,-1,77.36000061035156,79.36000061035156,76.31999969482422,5173363,79.36000061035156,0,0,1,0,-89.0,79.36000061035156,7063.040054321289,1,0.0,0.0,126.48010253905954,10126.480102539057,0.0
2020-03-03,98.27471,-1,80.0,81.44000244140625,77.76000213623047,6408250,79.12000274658203,0,0,0,0,-89.0,79.36000061035156,7063.040054321289,2,0.0,0.0,126.48010253905954,10147.839912414545,0.0021093025078016137
2020-03-04,96.76927,-1,80.87999725341797,81.04000091552734,78.08000183105469,5793713,78.87999725341797,0,0,0,0,-89.0,79.36000061035156,7063.040054321289,3,0.0,0.0,126.48010253905954,10169.200401306147,0.0021049296279762597
2020-03-05,94.19864,-1,78.4800033569336,78.80000305175781,76.4000015258789,4140325,76.87999725341797,0,0,0,0,-89.0,79.36000061035156,7063.040054321289,4,0.0,0.0,126.48010253905954,10347.200401306147,0.01750383441918779
2020-03-06,91.31816,-1,74.08000183105469,74.16000366210938,68.80000305175781,9782050,69.83999633789062,0,0,0,0,-89.0,79.36000061035156,7063.040054321289,5,0.0,0.0,126.48010253905954,10973.76048278808,0.06055358523865473
2020-03-09,88.71349,-1,54.560001373291016,58.400001525878906,52.0,19268563,52.15999984741211,0,0,0,0,-89.0,79.36000061035156,7063.040054321289,6,0.0,0.0,126.48010253905954,12547.280170440668,0.14338928666436557
2020-03-10,87.12119,-1,56.720001220703125,58.63999938964844,54.880001068115234,10698375,57.91999816894531,0,0,0,0,-89.0,79.36000061035156,7063.040054321289,7,0.0,0.0,126.48010253905954,12034.640319824213,-0.04085665129436977
2020-03-11,87.45812,-1,56.15999984741211,56.720001220703125,54.720001220703125,8137688,55.52000045776367,0,0,0,0,-89.0,79.36000061035156,7063.040054321289,8,0.0,0.0,126.48010253905954,12248.24011611938,0.017748747832813105
2020-03-12,88.924095,-1,51.52000045776367,54.400001525878906,51.43999862670898,11630325,52.31999969482422,0,0,0,0,-89.0,79.36000061035156,7063.040054321289,9,0.0,0.0,126.48010253905954,12533.04018402099,0.02325232565671187
2020-03-13,85.58115,-1,55.119998931884766,57.040000915527344,52.31999969482422,9832213,55.68000030517578,0,0,0,0,-89.0,79.36000061035156,7063.040054321289,10,0.0,0.0,126.48010253905954,12234.000129699702,-0.023860136880638927
2020-03-16,81.03423,-1,48.720001220703125,51.040000915527344,46.560001373291016,9516613,48.400001525878906,0,0,0,0,-89.0,79.36000061035156,7063.040054321289,11,0.0,0.0,126.48010253905954,12881.920021057123,0.052960592160245845
2020-03-17,73.4849,-1,48.31999969482422,49.20000076293945,45.040000915527344,8618150,45.68000030517578,0,0,0,0,-89.0,79.36000061035156,7063.040054321289,12,0.0,0.0,126.48010253905954,13124.000129699702,0.018792238132737005
2020-03-18,64.95166,-1,40.47999954223633,41.43999862670898,34.31999969482422,23764250,37.68000030517578,0,0,0,0,-89.0,79.36000061035156,7063.040054321289,13,0.0,0.0,126.48010253905954,13836.000129699702,0.05425175197832699
2020-03-19,61.74174,-1,38.31999969482422,45.36000061035156,36.79999923706055,16267000,42.959999084472656,0,0,0,0,-89.0,79.36000061035156,7063.040054321289,14,0.0,0.0,126.48010253905954,13366.08023834228,-0.033963565116533534
2020-03-20,59.43864,-1,42.2400016784668,42.959999084472656,37.43999862670898,18333663,39.52000045776367,0,0,0,0,-89.0,79.36000061035156,7063.040054321289,15,0.0,0.0,126.48010253905954,13672.24011611938,0.02290573394126727
2020-03-23,53.43591,-1,38.15999984741211,39.20000076293945,36.2400016784668,9050388,39.040000915527344,0,0,0,0,-89.0,79.36000061035156,7063.040054321289,16,0.0,0.0,126.48010253905954,13714.960075378413,0.0031245764334306703
2020-03-24,51.50504,-1,40.47999954223633,40.560001373291016,38.31999969482422,10639513,39.84000015258789,0,0,0,0,-89.0,79.36000061035156,7063.040054321289,17,0.0,0.0,126.48010253905954,13643.760143280024,-0.005191406442823676
2020-03-25,51.824173,-1,39.119998931884766,41.27999877929688,38.0,12344863,40.63999938964844,0,0,0,0,-89.0,79.36000061035156,7063.040054321289,18,0.0,0.0,126.48010253905954,13572.560211181635,-0.0052184977858509285
2020-03-26,49.01214,-1,39.20000076293945,39.68000030517578,37.119998931884766,15703500,38.63999938964844,0,0,0,0,-89.0,79.36000061035156,7063.040054321289,19,0.0,0.0,126.48010253905954,13750.560211181635,0.013114695918118313
2020-03-27,43.710354,1,36.08000183105469,36.2400016784668,34.63999938964844,15312050,35.7599983215332,0,1,0,0,-89.0,79.36000061035156,7063.040054321289,20,3880.400203704834,0.55,4006.8803062438938,14006.880306243891,0.018640701987823194
2020-03-30,44.64215,1,33.68000030517578,34.2400016784668,32.2400016784668,20541175,33.84000015258789,1,0,0,0,289.0,33.84000015258789,9779.7600440979,1,0.0,0.0,4006.8803062438938,14006.880306243891,0.0
2020-03-31,51.468887,-1,34.959999084472656,34.959999084472656,33.279998779296875,15639525,33.68000030517578,0,0,0,1,289.0,33.84000015258789,9779.7600440979,2,-46.23995590209961,-0.0,3960.640350341794,13960.640350341791,-0.003301231601264387
2020-04-01,46.757755,0,33.91999816894531,35.040000915527344,33.040000915527344,14878650,35.040000915527344,0,0,0,0,0.0,35.040000915527344,0.0,0,0.0,0.0,3960.640350341794,13960.640350341791,0.0
2020-04-02,52.377323,-1,36.63999938964844,45.36000061035156,36.0,40226725,40.880001068115234,0,0,1,0,-239.0,40.880001068115234,9770.320255279541,1,0.0,0.0,3960.640350341794,13960.640350341791,0.0
2020-04-03,51.59934,0,45.59999847412109,48.15999984741211,43.52000045776367,28238825,47.20000076293945,0,0,0,0,-239.0,40.880001068115234,9770.320255279541,2,0.0,0.0,3960.640350341794,12450.160423278803,-0.10819560486894197
2020-04-06,48.338554,0,44.959999084472656,45.68000030517578,42.959999084472656,20350275,43.84000015258789,0,0,0,0,-239.0,40.880001068115234,9770.320255279541,3,0.0,0.0,3960.640350341794,13253.200569152827,0.06450038542254699
2020-04-07,47.047142,1,43.68000030517578,44.2400016784668,39.119998931884766,23432475,40.720001220703125,0,1,0,0,-239.0,40.880001068115234,9770.320255279541,4,38.23996353149414,0.0,3998.8803138732883,13998.880313873286,0.05626412584866847
2020-04-08,44.95158,1,40.63999938964844,43.20000076293945,39.52000045776367,21113950,42.959999084472656,1,0,0,0,228.0,42.959999084472656,9794.879791259766,1,0.0,0.0,3998.8803138732883,13998.880313873286,0.0
2020-04-09,44.307728,1,43.20000076293945,46.2400016784668,38.400001525878906,37976150,39.84000015258789,0,0,0,0,228.0,42.959999084472656,9794.879791259766,2,0.0,0.0,3998.8803138732883,13287.520557403559,-0.050815475275172495
2020-04-13,50.16823,1,39.7599983215332,40.560001373291016,38.79999923706055,15693888,39.43999862670898,0,0,0,0,228.0,42.959999084472656,9794.879791259766,3,0.0,0.0,3998.8803138732883,13196.320209503167,-0.006863609166691154
2020-04-14,56.970913,1,38.08000183105469,38.400001525878906,36.2400016784668,23984000,37.27999877929688,0,0,0,0,228.0,42.959999084472656,9794.879791259766,4,0.0,0.0,3998.8803138732883,12703.84024429321,-0.0373194919031522
2020-04-15,69.34881,1,35.439998626708984,35.7599983215332,34.400001525878906,27402750,35.439998626708984,0,0,0,0,228.0,42.959999084472656,9794.879791259766,5,0.0,0.0,3998.8803138732883,12284.320209503168,-0.03302308803658771
2020-04-16,78.81545,0,35.20000076293945,35.279998779296875,33.20000076293945,30161238,34.880001068115234,0,0,0,0,228.0,42.959999084472656,9794.879791259766,6,0.0,0.0,3998.8803138732883,12156.640766143793,-0.01039369221754749
2020-04-17,76.611244,0,33.20000076293945,34.08000183105469,32.79999923706055,31270575,33.68000030517578,0,0,0,0,228.0,42.959999084472656,9794.879791259766,7,0.0,0.0,3998.8803138732883,11883.040592193598,-0.02250623171428834
2020-04-20,70.61626,0,30.07999992370605,32.400001525878906,29.600000381469727,109403825,30.0,0,0,0,0,228.0,42.959999084472656,9794.879791259766,8,0.0,0.0,3998.8803138732883,11044.00052261352,-0.07060819687271569
2020-04-21,70.20597,0,25.520000457763672,27.200000762939453,18.479999542236328,124913013,22.479999542236328,0,0,0,0,228.0,42.959999084472656,9794.879791259766,9,0.0,0.0,3998.8803138732883,9329.440418243403,-0.1552481006189208
2020-04-22,69.89958,-1,23.200000762939453,23.520000457763672,20.0,54851775,20.07999992370605,0,0,0,1,228.0,42.959999084472656,9794.879791259766,10,-5216.639808654786,-0.53,-1217.7594947814978,8782.240505218499,-0.05865302617238155
2020-04-23,69.45424,-1,21.440000534057617,22.959999084472656,20.799999237060547,39783688,21.1200008392334,0,0,1,0,-291.0,21.1200008392334,6145.920244216919,1,0.0,0.0,-1217.7594947814978,8782.240505218499,0.0
2020-04-24,59.351624,1,21.520000457763672,21.84000015258789,20.07999992370605,22803900,20.559999465942383,0,1,0,0,-291.0,21.1200008392334,6145.920244216919,2,162.96039962768555,0.03,-1054.7990951538122,8945.200904846184,0.018555674890804008
2020-04-27,62.49446,1,18.39999961853028,18.39999961853028,17.040000915527344,33885000,17.520000457763672,1,0,0,0,357.0,17.520000457763672,6254.640163421631,1,0.0,0.0,-1054.7990951538122,8945.200904846184,0.0
2020-04-28,62.685112,1,17.280000686645508,18.0,16.8799991607666,19476850,17.040000915527344,0,0,0,0,357.0,17.520000457763672,6254.640163421631,2,0.0,0.0,-1054.7990951538122,8773.841068267815,-0.019156622461719452
2020-04-29,68.703995,1,18.010000228881836,18.21999931335449,17.459999084472656,23378600,18.0,0,0,0,0,357.0,17.520000457763672,6254.640163421631,3,0.0,0.0,-1054.7990951538122,9116.560741424553,0.0390615319436598
2020-04-30,81.648766,1,18.76000022888184,19.299999237060547,17.860000610351562,24001300,19.1200008392334,0,0,0,0,357.0,17.520000457763672,6254.640163421631,4,0.0,0.0,-1054.7990951538122,9516.401041030877,0.04385867773463037
2020-05-01,101.38376,-1,19.1200008392334,19.18000030517578,18.420000076293945,13831100,18.86000061035156,0,0,0,1,357.0,17.520000457763672,6254.640163421631,5,478.3800544738757,0.08,-576.4190406799365,9423.58095932006,-0.009753695888877978
2020-05-04,89.211685,-1,18.57999992370605,19.68000030517578,18.36000061035156,14044800,19.670000076293945,0,0,1,0,-335.0,19.670000076293945,6589.450025558472,1,0.0,0.0,-576.4190406799365,9423.58095932006,0.0
2020-05-05,56.531105,-1,20.76000022888184,21.790000915527344,20.739999771118164,20954800,21.51000022888184,0,0,0,0,-335.0,19.670000076293945,6589.450025558472,2,0.0,0.0,-576.4190406799365,8807.180908203114,-0.06541038420297296
2020-05-06,43.224,0,21.290000915527344,21.51000022888184,20.299999237060547,17295800,20.850000381469727,0,0,0,0,-335.0,19.670000076293945,6589.450025558472,3,0.0,0.0,-576.4190406799365,9028.280857086173,0.025104508603555953
2020-05-07,37.840244,0,21.8799991607666,21.90999984741211,20.270000457763672,12745400,20.46999931335449,0,0,0,0,-335.0,19.670000076293945,6589.450025558472,4,0.0,0.0,-576.4190406799365,9155.581214904778,0.014100176969870093
2020-05-08,39.042397,0,21.07999992370605,21.670000076293945,20.65999984741211,10523500,21.46999931335449,0,0,0,0,-335.0,19.670000076293945,6589.450025558472,5,0.0,0.0,-576.4190406799365,8820.581214904778,-0.036589703278983365
2020-05-11,34.957466,1,21.530000686645508,21.600000381469727,20.76000022888184,10461600,21.170000076293945,0,1,0,0,-335.0,19.670000076293945,6589.450025558472,6,-502.5,-0.08,-1078.9190406799366,8921.08095932006,0.01139377802513275
2020-05-12,35.37147,1,21.39999961853028,21.56999969482422,20.88999938964844,10138500,20.96999931335449,1,0,0,0,297.0,20.96999931335449,6228.089796066283,1,0.0,0.0,-1078.9190406799366,8921.08095932006,0.0
2020-05-13,36.164196,1,21.049999237060547,21.309999465942383,20.299999237060547,10082900,20.600000381469727,0,0,0,0,297.0,20.96999931335449,6228.089796066283,2,0.0,0.0,-1078.9190406799366,8811.191276550286,-0.012317978423339926
2020-05-14,40.365635,1,20.729999542236328,21.81999969482422,20.59000015258789,11539700,21.450000762939453,0,0,0,0,297.0,20.96999931335449,6228.089796066283,3,0.0,0.0,-1078.9190406799366,9063.641389846794,0.028651076270284737
2020-05-15,48.13747,-1,21.950000762939453,22.61000061035156,21.68000030517578,11525000,22.38999938964844,0,0,0,1,297.0,20.96999931335449,6228.089796066283,4,421.74002265930386,0.07,-657.1790180206328,9342.820981979363,0.030802144538210507
2020-05-18,51.330154,-1,24.040000915527344,24.799999237060547,23.799999237060547,19714100,24.309999465942383,0,0,1,0,-269.0,24.309999465942383,6539.389856338501,1,0.0,0.0,-657.1790180206328,9342.820981979363,0.0
2020-05-19,46.646805,0,24.46999931335449,24.709999084472656,24.040000915527344,9373400,24.440000534057617,0,0,0,0,-269.0,24.309999465942383,6539.389856338501,2,0.0,0.0,-657.1790180206328,9307.850694656365,-0.003743011601147983
2020-05-20,41.618114,1,24.950000762939453,25.540000915527344,24.8799991607666,11752400,25.34000015258789,0,1,0,0,-269.0,24.309999465942383,6539.389856338501,3,-277.0701847076416,-0.04,-934.2492027282744,9065.750797271721,-0.026010290165444205
2020-05-21,42.782177,1,26.5,27.489999771118164,25.8799991607666,21259800,26.600000381469727,1,0,0,0,238.0,26.600000381469727,6330.800090789795,1,0.0,0.0,-934.2492027282744,9065.750797271721,0.0
2020-05-22,44.93643,1,26.09000015258789,26.14999961853028,25.059999465942383,10614700,25.56999969482422,0,0,0,0,238.0,26.600000381469727,6330.800090789795,2,0.0,0.0,-934.2492027282744,8820.61063385009,-0.027040249495431157
2020-05-26,48.817276,1,25.93000030517578,25.989999771118164,25.32999992370605,12891300,25.65999984741211,0,0,0,0,238.0,26.600000381469727,6330.800090789795,3,0.0,0.0,-934.2492027282744,8842.030670166008,0.0024284074204246053
2020-05-27,54.3772,1,25.18000030517578,25.34000015258789,24.26000022888184,13839700,25.0,0,0,0,0,238.0,26.600000381469727,6330.800090789795,4,0.0,0.0,-934.2492027282744,8684.950706481926,-0.01776514576160515
2020-05-28,61.689377,1,24.84000015258789,25.57999992370605,24.549999237060547,8087000,25.030000686645508,0,0,0,0,238.0,26.600000381469727,6330.800090789795,5,0.0,0.0,-934.2492027282744,8692.090869903557,0.0008221305638846932
2020-05-29,69.47117,0,24.63999938964844,26.43000030517578,24.600000381469727,12747800,25.8799991607666,0,0,0,0,238.0,26.600000381469727,6330.800090789795,6,0.0,0.0,-934.2492027282744,8894.390506744377,0.02327399009843356
2020-06-01,73.26027,-1,25.71999931335449,26.46999931335449,25.559999465942383,8201000,26.21999931335449,0,0,0,1,238.0,26.600000381469727,6330.800090789795,7,-90.44025421142663,-0.01,-1024.6894569397011,8975.310543060295,0.00909787312065502
2020-06-02,69.032234,-1,26.549999237060547,27.100000381469727,26.46999931335449,9131500,27.06999969482422,0,0,1,0,-232.0,27.06999969482422,6280.239929199219,1,0.0,0.0,-1024.6894569397011,8975.310543060295,0.0
2020-06-03,65.184746,-1,27.170000076293945,27.530000686645508,26.64999961853028,11428000,27.1200008392334,0,0,0,0,-232.0,27.06999969482422,6280.239929199219,2,0.0,0.0,-1024.6894569397011,8963.710277557366,-0.0012924639707201369
2020-06-04,62.09437,0,27.07999992370605,27.6200008392334,26.809999465942383,11377000,27.5,0,0,0,0,-232.0,27.06999969482422,6280.239929199219,3,0.0,0.0,-1024.6894569397011,8875.550472259514,-0.009835191295570866
2020-06-05,55.6585,0,28.59000015258789,29.190000534057617,28.3700008392334,11820600,28.8700008392334,0,0,0,0,-232.0,27.06999969482422,6280.239929199219,4,0.0,0.0,-1024.6894569397011,8557.710277557366,-0.03581075852090032
2020-06-08,55.78144,0,28.96999931335449,29.0,28.11000061035156,14161900,28.3700008392334,0,0,0,0,-232.0,27.06999969482422,6280.239929199219,5,0.0,0.0,-1024.6894569397011,8673.710277557366,0.013555027716258383
2020-06-09,57.294655,0,28.06999969482422,28.549999237060547,27.68000030517578,10176400,28.420000076293945,0,0,0,0,-232.0,27.06999969482422,6280.239929199219,6,0.0,0.0,-1024.6894569397011,8662.110454559319,-0.0013373542148462647
2020-06-10,55.67577,1,28.07999992370605,29.06999969482422,27.71999931335449,8303000,28.43000030517578,0,1,0,0,-232.0,27.06999969482422,6280.239929199219,7,-315.5201416015625,-0.05,-1340.2095985412636,8659.790401458733,-0.0002678392422674758
2020-06-11,56.704685,1,26.799999237060547,27.170000076293945,25.940000534057617,22801300,26.36000061035156,1,0,0,0,229.0,26.36000061035156,6036.440139770507,1,0.0,0.0,-1340.2095985412636,8659.790401458733,0.0
2020-06-12,57.858,1,26.63999938964844,26.809999465942383,25.850000381469727,8885100,26.43000030517578,0,0,0,0,229.0,26.36000061035156,6036.440139770507,2,0.0,0.0,-1340.2095985412636,8675.820331573479,0.00185107599279144
2020-06-15,59.68683,1,25.46999931335449,27.06999969482422,25.36000061035156,8642100,26.979999542236328,0,0,0,0,229.0,26.36000061035156,6036.440139770507,3,0.0,0.0,-1340.2095985412636,8801.770156860344,0.014517339049600064
2020-06-16,61.816734,1,27.86000061035156,28.290000915527344,26.96999931335449,11803900,27.63999938964844,0,0,0,0,229.0,26.36000061035156,6036.440139770507,4,0.0,0.0,-1340.2095985412636,8952.91012191772,0.017171541901667586
2020-06-17,64.39604,0,27.46999931335449,27.75,27.170000076293945,7388800,27.280000686645508,0,0,0,0,229.0,26.36000061035156,6036.440139770507,5,0.0,0.0,-1340.2095985412636,8870.470418930046,-0.009208145939704093
2020-06-18,63.21664,1,27.309999465942383,28.020000457763672,27.239999771118164,6278300,27.88999938964844,0,0,0,0,229.0,26.36000061035156,6036.440139770507,6,0.0,0.0,-1340.2095985412636,9010.16012191772,0.015747722092569916
2020-06-19,62.662457,1,28.65999984741211,28.86000061035156,27.540000915527344,13501000,28.229999542236328,0,0,0,0,229.0,26.36000061035156,6036.440139770507,7,0.0,0.0,-1340.2095985412636,9088.020156860344,0.008641359741568433
2020-06-22,62.56784,1,28.43000030517578,29.040000915527344,28.32999992370605,8862100,28.979999542236328,0,0,0,0,229.0,26.36000061035156,6036.440139770507,8,0.0,0.0,-1340.2095985412636,9259.770156860344,0.01889850561899875
2020-06-23,64.87619,1,29.299999237060547,29.420000076293945,28.59000015258789,7358700,28.71999931335449,0,0,0,0,229.0,26.36000061035156,6036.440139770507,9,0.0,0.0,-1340.2095985412636,9200.230104446404,-0.006429970874582525
2020-06-24,70.554306,0,28.40999984741211,28.6200008392334,26.81999969482422,11101100,27.25,0,0,0,0,229.0,26.36000061035156,6036.440139770507,10,0.0,0.0,-1340.2095985412636,8863.600261688225,-0.03658928515227988
2020-06-25,69.16771,0,27.18000030517578,28.049999237060547,27.09000015258789,8768600,27.940000534057617,0,0,0,0,229.0,26.36000061035156,6036.440139770507,11,0.0,0.0,-1340.2095985412636,9021.61038398742,0.01782685563812847
2020-06-26,71.54078,0,27.670000076293945,27.700000762939453,27.1200008392334,5255000,27.36000061035156,0,0,0,0,229.0,26.36000061035156,6036.440139770507,12,0.0,0.0,-1340.2095985412636,8888.790401458733,-0.01472242503006227
2020-06-29,70.87168,0,27.809999465942383,28.46999931335449,27.6200008392334,6966500,28.270000457763672,0,0,0,0,229.0,26.36000061035156,6036.440139770507,13,0.0,0.0,-1340.2095985412636,9097.180366516106,0.02344413082607666
2020-06-30,72.29788,0,27.88999938964844,28.549999237060547,27.799999237060547,5840600,28.059999465942383,0,0,0,0,229.0,26.36000061035156,6036.440139770507,14,0.0,0.0,-1340.2095985412636,9049.09013938903,-0.005286278296083968
2020-07-01,72.98064,-1,28.299999237060547,28.51000022888184,27.93000030517578,6960400,28.350000381469727,0,0,0,1,229.0,26.36000061035156,6036.440139770507,15,455.70994758606037,0.08,-884.4996509552033,9115.500349044793,0.007338882543195258
2020-07-02,72.2078,-1,28.790000915527344,29.049999237060547,28.34000015258789,5545500,28.75,0,0,1,0,-221.0,28.75,6353.75,1,0.0,0.0,-884.4996509552033,9115.500349044793,0.0
2020-07-06,70.069244,1,28.790000915527344,29.26000022888184,28.770000457763672,6146000,28.959999084472656,0,1,0,0,-221.0,28.75,6353.75,2,-46.40979766845703,-0.01,-930.9094486236603,9069.090551376335,-0.005091305566492621
2020-07-07,71.14398,1,28.850000381469727,29.209999084472656,28.76000022888184,4674500,28.790000915527344,1,0,0,0,220.0,28.790000915527344,6333.800201416016,1,0.0,0.0,-930.9094486236603,9069.090551376335,0.0
2020-07-08,73.20876,0,29.030000686645508,29.290000915527344,28.84000015258789,4676500,29.18000030517578,0,0,0,0,220.0,28.790000915527344,6333.800201416016,2,0.0,0.0,-930.9094486236603,9154.890417098992,0.009460691260783083
2020-07-09,73.48049,0,29.06999969482422,29.11000061035156,28.209999084472656,5602300,28.40999984741211,0,0,0,0,220.0,28.790000915527344,6333.800201416016,3,0.0,0.0,-930.9094486236603,8985.490316390984,-0.018503782458347273
2020-07-10,73.88332,-1,28.479999542236328,29.170000076293945,28.40999984741211,5432400,29.030000686645508,0,0,0,1,220.0,28.790000915527344,6333.800201416016,4,52.799949645996094,0.01,-878.1094989776642,9121.890501022332,0.01518004914907456
2020-07-13,72.35006,-1,29.01000022888184,29.14999961853028,28.38999938964844,6540200,28.5,0,0,1,0,-224.0,28.5,6384.0,1,0.0,0.0,-878.1094989776642,9121.890501022332,0.0
2020-07-14,72.69147,-1,28.229999542236328,29.07999992370605,28.15999984741211,5057500,28.8799991607666,0,0,0,0,-224.0,28.5,6384.0,2,0.0,0.0,-878.1094989776642,9036.770689010613,-0.009331378402555823
2020-07-15,72.91582,-1,29.07999992370605,29.5,28.809999465942383,7041200,29.290000915527344,0,0,0,0,-224.0,28.5,6384.0,3,0.0,0.0,-878.1094989776642,8944.930295944207,-0.010162965978332439
2020-07-16,70.63672,1,29.18000030517578,29.43000030517578,29.030000686645508,3240400,29.15999984741211,0,1,0,0,-224.0,28.5,6384.0,4,-147.8399658203125,-0.02,-1025.9494647979768,8974.05053520202,0.0032555020882629737
2020-07-17,70.77564,0,29.170000076293945,29.239999771118164,28.71999931335449,3570200,29.100000381469727,0,0,0,0,0.0,29.100000381469727,0.0,0,0.0,0.0,-1025.9494647979768,8974.05053520202,0.0
2020-07-20,70.32407,1,28.89999961853028,29.25,28.59000015258789,3863800,29.1200008392334,1,0,0,0,215.0,29.1200008392334,6260.800180435181,1,0.0,0.0,-1025.9494647979768,8974.05053520202,0.0
2020-07-21,70.752266,1,29.979999542236328,30.21999931335449,29.63999938964844,8346300,29.71999931335449,0,0,0,0,215.0,29.1200008392334,6260.800180435181,2,0.0,0.0,-1025.9494647979768,9103.050207138054,0.014374743203196205
2020-07-22,71.79801,0,29.440000534057617,29.88999938964844,29.36000061035156,3925800,29.75,0,0,0,0,215.0,29.1200008392334,6260.800180435181,3,0.0,0.0,-1025.9494647979768,9109.500354766838,0.0007085699278825963
2020-07-23,71.05461,1,29.59000015258789,29.93000030517578,29.1200008392334,5925100,29.40999984741211,0,0,0,0,215.0,29.1200008392334,6260.800180435181,4,0.0,0.0,-1025.9494647979768,9036.400321960442,-0.008024593002858182
2020-07-24,73.09945,-1,29.3700008392334,29.51000022888184,29.059999465942383,4947500,29.440000534057617,0,0,0,1,215.0,29.1200008392334,6260.800180435181,5,68.79993438720703,0.01,-957.1495304107698,9042.850469589226,0.0007137961355152544
2020-07-27,73.34512,-1,29.34000015258789,29.86000061035156,28.979999542236328,6268500,29.71999931335449,0,0,1,0,-212.0,29.71999931335449,6300.639854431151,1,0.0,0.0,-957.1495304107698,9042.850469589226,0.0
2020-07-28,71.44887,1,29.459999084472656,29.540000915527344,29.270000457763672,4423700,29.350000381469727,0,1,0,0,-212.0,29.71999931335449,6300.639854431151,2,78.43977355956956,0.01,-878.7097568512003,9121.290243148796,0.008674230965485918
2020-07-29,74.24658,0,29.600000381469727,29.75,29.450000762939453,3114500,29.56999969482422,0,0,0,0,0.0,29.56999969482422,0.0,0,0.0,0.0,-878.7097568512003,9121.290243148796,0.0
2020-07-30,76.07203,0,28.989999771118164,29.01000022888184,27.89999961853028,10024400,28.93000030517578,0,0,0,0,0.0,28.93000030517578,0.0,0,0.0,0.0,-878.7097568512003,9121.290243148796,0.0
2020-07-31,76.02936,0,29.09000015258789,29.15999984741211,28.59000015258789,5028500,29.06999969482422,0,0,0,0,0.0,29.06999969482422,0.0,0,0.0,0.0,-878.7097568512003,9121.290243148796,0.0
2020-08-03,73.747154,0,29.14999961853028,29.64999961853028,29.030000686645508,5893900,29.34000015258789,0,0,0,0,0.0,29.34000015258789,0.0,0,0.0,0.0,-878.7097568512003,9121.290243148796,0.0
2020-08-04,74.17746,0,29.229999542236328,30.14999961853028,29.209999084472656,7706300,29.780000686645508,0,0,0,0,0.0,29.780000686645508,0.0,0,0.0,0.0,-878.7097568512003,9121.290243148796,0.0
2020-08-05,74.62047,0,30.84000015258789,31.020000457763672,30.14999961853028,9100400,30.229999542236328,0,0,0,0,0.0,30.229999542236328,0.0,0,0.0,0.0,-878.7097568512003,9121.290243148796,0.0
2020-08-06,75.252075,1,30.520000457763672,30.57999992370605,30.1200008392334,4339800,30.18000030517578,1,0,0,0,211.0,30.18000030517578,6367.98006439209,1,0.0,0.0,-878.7097568512003,9121.290243148796,0.0
2020-08-07,75.02965,1,29.88999938964844,29.920000076293945,29.57999992370605,4867900,29.850000381469727,0,0,0,0,211.0,30.18000030517578,6367.98006439209,2,0.0,0.0,-878.7097568512003,9051.660259246819,-0.00763378667335779
2020-08-10,74.626625,1,30.15999984741211,30.36000061035156,29.96999931335449,4234800,30.15999984741211,0,0,0,0,211.0,30.18000030517578,6367.98006439209,3,0.0,0.0,-878.7097568512003,9117.070146560662,0.007226286166344131
2020-08-11,75.16022,1,30.600000381469727,30.65999984741211,29.81999969482422,5563600,29.81999969482422,0,0,0,0,211.0,30.18000030517578,6367.98006439209,4,0.0,0.0,-878.7097568512003,9045.330114364617,-0.007868759485535892
2020-08-12,78.36493,-1,30.46999931335449,30.76000022888184,30.309999465942383,5307400,30.559999465942383,0,0,0,1,211.0,30.18000030517578,6367.98006439209,5,80.17982292175293,0.01,-798.5299339294473,9201.47006607055,0.017261940662394615
2020-08-13,76.049904,-1,30.479999542236328,30.65999984741211,30.26000022888184,3414100,30.399999618530277,0,0,1,0,-211.0,30.399999618530277,6414.399919509889,1,0.0,0.0,-798.5299339294473,9201.47006607055,0.0
2020-08-14,73.28269,0,30.229999542236328,30.420000076293945,30.020000457763672,3792900,30.32999992370605,0,0,0,0,-211.0,30.399999618530277,6414.399919509889,2,0.0,0.0,-798.5299339294473,9216.240001678461,0.0016051712934843643
2020-08-17,73.7242,0,30.239999771118164,30.850000381469727,30.21999931335449,4307900,30.770000457763672,0,0,0,0,-211.0,30.399999618530277,6414.399919509889,3,0.0,0.0,-798.5299339294473,9123.399888992302,-0.010073534615987811
2020-08-18,74.409,0,30.40999984741211,30.82999992370605,30.38999938964844,5589500,30.600000381469727,0,0,0,0,-211.0,30.399999618530277,6414.399919509889,4,0.0,0.0,-798.5299339294473,9159.269905090325,0.0039316501013291205
2020-08-19,75.37677,-1,30.59000015258789,30.81999969482422,30.40999984741211,3781500,30.65999984741211,0,0,0,0,-211.0,30.399999618530277,6414.399919509889,5,0.0,0.0,-798.5299339294473,9146.610017776482,-0.0013821939352182122
2020-08-20,74.65611,-1,30.020000457763672,30.59000015258789,29.780000686645508,6112100,30.520000457763672,0,0,0,0,-211.0,30.399999618530277,6414.399919509889,6,0.0,0.0,-798.5299339294473,9176.149888992302,0.0032295977589957836
2020-08-21,74.77046,-1,30.0,30.239999771118164,29.63999938964844,6523300,30.18000030517578,0,0,0,0,-211.0,30.399999618530277,6414.399919509889,7,0.0,0.0,-798.5299339294473,9247.889921188347,0.007818097248182942
2020-08-24,74.26715,-1,30.32999992370605,30.540000915527344,30.229999542236328,4511800,30.350000381469727,0,0,0,0,-211.0,30.399999618530277,6414.399919509889,8,0.0,0.0,-798.5299339294473,9212.019905090325,-0.0038787243796921667
2020-08-25,70.96883,-1,30.96999931335449,31.020000457763672,30.59000015258789,5251900,30.920000076293945,0,0,0,0,-211.0,30.399999618530277,6414.399919509889,9,0.0,0.0,-798.5299339294473,9091.749969482415,-0.013055761586169834
2020-08-26,67.16254,-1,31.06999969482422,31.190000534057617,30.84000015258789,5402600,30.93000030517578,0,0,0,0,-211.0,30.399999618530277,6414.399919509889,10,0.0,0.0,-798.5299339294473,9089.639921188347,-0.00023208384537076743
2020-08-27,66.29776,0,30.88999938964844,30.89999961853028,30.270000457763672,4372600,30.670000076293945,0,0,0,0,-211.0,30.399999618530277,6414.399919509889,11,0.0,0.0,-798.5299339294473,9144.499969482415,0.006035447913198988
2020-08-28,65.14019,1,30.71999931335449,30.799999237060547,30.520000457763672,2437800,30.71999931335449,0,1,0,0,-211.0,30.399999618530277,6414.399919509889,12,-67.51993560790865,-0.01,-866.049869537356,9133.950130462641,-0.001153681344521984
2020-08-31,64.504845,1,30.89999961853028,30.89999961853028,30.38999938964844,3825200,30.57999992370605,1,0,0,0,209.0,30.57999992370605,6391.2199840545645,1,0.0,0.0,-866.049869537356,9133.950130462641,0.0
2020-09-01,65.41405,1,30.63999938964844,30.940000534057617,30.540000915527344,3930300,30.61000061035156,0,0,0,0,209.0,30.57999992370605,6391.2199840545645,2,0.0,0.0,-866.049869537356,9140.220273971552,0.000686465704252015
2020-09-02,68.48272,-1,30.57999992370605,30.600000381469727,29.59000015258789,7281600,29.86000061035156,0,0,0,1,209.0,30.57999992370605,6391.2199840545645,3,-150.47985649108887,-0.02,-1016.5297260284449,8983.470273971552,-0.01714947728846039
2020-09-03,68.73768,-1,29.14999961853028,29.780000686645508,29.040000915527344,7999000,29.63999938964844,0,0,1,0,-212.0,29.63999938964844,6283.67987060547,1,0.0,0.0,-1016.5297260284449,8983.470273971552,0.0
2020-09-04,64.65909,0,29.420000076293945,29.450000762939453,28.39999961853028,7365900,28.51000022888184,0,0,0,0,-212.0,29.63999938964844,6283.67987060547,2,0.0,0.0,-1016.5297260284449,9223.030096054072,0.02666673510086781
2020-09-08,64.35977,0,26.8799991607666,26.959999084472656,26.270000457763672,10546400,26.75,0,0,0,0,-212.0,29.63999938964844,6283.67987060547,3,0.0,0.0,-1016.5297260284449,9596.150144577021,0.040455256530343764
2020-09-09,64.564095,0,26.84000015258789,27.690000534057617,26.709999084472656,5310500,27.40999984741211,0,0,0,0,-212.0,29.63999938964844,6283.67987060547,4,0.0,0.0,-1016.5297260284449,9456.230176925654,-0.014580843936715437
2020-09-10,63.822693,0,27.229999542236328,27.46999931335449,26.75,4856800,26.790000915527344,0,0,0,0,-212.0,29.63999938964844,6283.67987060547,5,0.0,0.0,-1016.5297260284449,9587.669950485224,0.013899806910400603
2020-09-11,63.735283,0,26.920000076293945,27.270000457763672,26.729999542236328,3362000,27.040000915527344,0,0,0,0,-212.0,29.63999938964844,6283.67987060547,6,0.0,0.0,-1016.5297260284449,9534.669950485224,-0.0055279333011789555
2020-09-14,63.470314,-1,26.739999771118164,27.020000457763672,26.600000381469727,3311200,26.940000534057617,0,0,0,0,-212.0,29.63999938964844,6283.67987060547,7,0.0,0.0,-1016.5297260284449,9555.870031356806,0.002223472965679596
2020-09-15,62.333324,1,27.059999465942383,27.700000762939453,26.959999084472656,3914100,27.520000457763672,0,1,0,0,-212.0,29.63999938964844,6283.67987060547,8,449.43977355957105,0.07,-567.0899524688739,9432.910047531122,-0.012867481811933423
2020-09-16,64.80132,-1,28.200000762939453,28.799999237060547,28.059999465942383,5785600,28.700000762939453,0,0,1,0,-230.0,28.700000762939453,6601.000175476074,1,0.0,0.0,-567.0899524688739,9432.910047531122,0.0
2020-09-17,62.572117,-1,28.56999969482422,29.38999938964844,28.43000030517578,4584300,29.229999542236328,0,0,0,0,-230.0,28.700000762939453,6601.000175476074,2,0.0,0.0,-567.0899524688739,9311.010328292841,-0.012922811584552996
2020-09-18,61.231644,-1,29.190000534057617,29.43000030517578,28.89999961853028,3058100,29.059999465942383,0,0,0,0,-230.0,28.700000762939453,6601.000175476074,3,0.0,0.0,-567.0899524688739,9350.110345840449,0.004199331347404467
2020-09-21,59.948658,-1,28.670000076293945,28.76000022888184,27.65999984741211,5361800,28.290000915527344,0,0,0,0,-230.0,28.700000762939453,6601.000175476074,4,0.0,0.0,-567.0899524688739,9527.210012435908,0.01894091727743552
2020-09-22,57.128624,1,28.36000061035156,28.530000686645508,27.81999969482422,3020500,28.170000076293945,0,1,0,0,-230.0,28.700000762939453,6601.000175476074,5,121.9001579284668,0.02,-445.1897945404071,9554.81020545959,0.0028969858948899585
2020-09-23,59.438774,1,28.350000381469727,28.84000015258789,28.0,5108100,28.030000686645508,1,0,0,0,238.0,28.030000686645508,6671.140163421631,1,0.0,0.0,-445.1897945404071,9554.81020545959,0.0
2020-09-24,61.1223,0,28.299999237060547,28.59000015258789,28.1299991607666,3418800,28.5,0,0,0,0,238.0,28.030000686645508,6671.140163421631,2,0.0,0.0,-445.1897945404071,9666.670042037958,0.011707175147702253
2020-09-25,62.15687,0,28.299999237060547,28.559999465942383,28.170000076293945,2445200,28.350000381469727,0,0,0,0,238.0,28.030000686645508,6671.140163421631,3,0.0,0.0,-445.1897945404071,9630.970132827753,-0.0036930927666875
2020-09-28,60.17405,0,28.5,28.86000061035156,28.299999237060547,2428800,28.690000534057617,0,0,0,0,238.0,28.030000686645508,6671.140163421631,4,0.0,0.0,-445.1897945404071,9711.890169143671,0.00840206492179818
2020-09-29,60.792168,0,28.309999465942383,28.31999969482422,27.280000686645508,5337100,27.700000762939453,0,0,0,0,238.0,28.030000686645508,6671.140163421631,5,0.0,0.0,-445.1897945404071,9476.270223617548,-0.02426097715506792
2020-09-30,61.2202,0,27.940000534057617,28.559999465942383,27.88999938964844,3445400,28.290000915527344,0,0,0,0,238.0,28.030000686645508,6671.140163421631,6,0.0,0.0,-445.1897945404071,9616.690259933466,0.014818070084784196
2020-10-01,61.19115,0,27.76000022888184,27.86000061035156,26.770000457763672,6557100,27.51000022888184,0,0,0,0,238.0,28.030000686645508,6671.140163421631,7,0.0,0.0,-445.1897945404071,9431.050096511835,-0.01930395576896904
2020-10-02,61.503914,-1,26.25,26.88999938964844,26.09000015258789,8583300,26.350000381469727,0,0,0,1,238.0,28.030000686645508,6671.140163421631,8,-399.84007263183594,-0.06,-845.029867172243,9154.970132827753,-0.029273512584372052
2020-10-05,62.611202,-1,27.57999992370605,28.15999984741211,27.440000534057617,7854900,27.93000030517578,0,0,1,0,-229.0,27.93000030517578,6395.970069885254,1,0.0,0.0,-845.029867172243,9154.970132827753,0.0
2020-10-06,60.733185,-1,28.65999984741211,28.90999984741211,28.309999465942383,6288700,28.38999938964844,0,0,0,0,-229.0,27.93000030517578,6395.970069885254,2,0.0,0.0,-845.029867172243,9049.630342483515,-0.01150629535824621
2020-10-07,60.219616,1,28.15999984741211,28.40999984741211,27.88999938964844,5526200,28.38999938964844,0,1,0,0,-229.0,27.93000030517578,6395.970069885254,3,-105.33979034423909,-0.02,-950.3696575164821,9049.630342483515,0.0
2020-10-08,59.408226,1,28.989999771118164,29.200000762939453,28.75,6567400,29.13999938964844,1,0,0,0,217.0,29.13999938964844,6323.379867553712,1,0.0,0.0,-950.3696575164821,9049.630342483515,0.0
2020-10-09,61.113922,1,28.989999771118164,29.25,28.59000015258789,4596400,28.690000534057617,0,0,0,0,217.0,29.13999938964844,6323.379867553712,2,0.0,0.0,-950.3696575164821,8951.980590820307,-0.010790468557018373
2020-10-12,63.86427,1,28.39999961853028,28.39999961853028,27.729999542236328,4553100,28.06999969482422,0,0,0,0,217.0,29.13999938964844,6323.379867553712,3,0.0,0.0,-950.3696575164821,8817.44040870666,-0.015029096717614654
2020-10-13,62.209064,1,28.459999084472656,28.64999961853028,28.270000457763672,3624000,28.459999084472656,0,0,0,0,217.0,29.13999938964844,6323.379867553712,4,0.0,0.0,-950.3696575164821,8902.07027626037,0.00959800845040526
2020-10-14,66.38605,-1,28.88999938964844,29.049999237060547,28.799999237060547,3196000,28.979999542236328,0,0,0,1,217.0,29.13999938964844,6323.379867553712,5,-34.7199668884285,-0.01,-985.0896244049106,9014.910375595087,0.012675714281388473
2020-10-15,67.23923,-1,28.06999969482422,28.950000762939453,28.01000022888184,5276500,28.940000534057617,0,0,1,0,-218.0,28.940000534057617,6308.920116424561,1,0.0,0.0,-985.0896244049106,9014.910375595087,0.0
2020-10-16,63.310894,0,28.59000015258789,28.8700008392334,28.32999992370605,2516700,28.71999931335449,0,0,0,0,-218.0,28.940000534057617,6308.920116424561,2,0.0,0.0,-985.0896244049106,9062.870641708369,0.0053201045950626025
2020-10-19,63.694515,0,28.82999992370605,29.01000022888184,28.59000015258789,2803000,28.59000015258789,0,0,0,0,-218.0,28.940000534057617,6308.920116424561,3,0.0,0.0,-985.0896244049106,9091.210458755488,0.0031270243356111838
2020-10-20,63.017838,0,28.479999542236328,29.309999465942383,28.459999084472656,4391800,29.049999237060547,0,0,0,0,-218.0,28.940000534057617,6308.920116424561,4,0.0,0.0,-985.0896244049106,8990.930658340449,-0.011030412382375565
2020-10-21,63.93542,0,28.61000061035156,28.780000686645508,27.93000030517578,5165700,28.100000381469727,0,0,0,0,-218.0,28.940000534057617,6308.920116424561,5,0.0,0.0,-985.0896244049106,9198.030408859247,0.0230342951568292
2020-10-22,65.25555,0,28.299999237060547,28.75,28.280000686645508,3235600,28.51000022888184,0,0,0,0,-218.0,28.940000534057617,6308.920116424561,6,0.0,0.0,-985.0896244049106,9108.650442123408,-0.00971729411219946
2020-10-23,66.592636,-1,28.549999237060547,28.559999465942383,27.780000686645508,3986200,27.8799991607666,0,0,0,0,-218.0,28.940000534057617,6308.920116424561,7,0.0,0.0,-985.0896244049106,9245.990674972529,0.015078000162788596
2020-10-26,64.65569,1,27.32999992370605,27.459999084472656,26.950000762939453,4646700,27.11000061035156,0,1,0,0,-218.0,28.940000534057617,6308.920116424561,8,398.9399833679207,0.06,-586.1496410369899,9413.850358963007,0.01815486191705218
2020-10-27,65.59336,-1,27.309999465942383,27.950000762939453,27.229999542236328,3037200,27.690000534057617,0,0,1,0,-237.0,27.690000534057617,6562.530126571655,1,0.0,0.0,-586.1496410369899,9413.850358963007,0.0
2020-10-28,66.896736,-1,26.440000534057617,26.559999465942383,26.09000015258789,7011000,26.309999465942383,0,0,0,0,-237.0,27.690000534057617,6562.530126571655,2,0.0,0.0,-586.1496410369899,9740.910612106318,0.034742452946674884
2020-10-29,65.375,-1,24.920000076293945,25.739999771118164,24.75,8401400,25.600000381469727,0,0,0,0,-237.0,27.690000534057617,6562.530126571655,3,0.0,0.0,-586.1496410369899,9909.180395126337,0.017274543389289354
2020-10-30,63.396603,1,25.309999465942383,25.39999961853028,24.959999084472656,5424500,25.25,0,1,0,0,-237.0,27.690000534057617,6562.530126571655,4,578.2801265716553,0.09,-7.869514465334646,9992.130485534663,0.008371034444899506
2020-11-02,63.34222,1,25.15999984741211,26.290000915527344,25.13999938964844,5385100,26.26000022888184,1,0,0,0,266.0,26.26000022888184,6985.160060882569,1,0.0,0.0,-7.869514465334646,9992.130485534663,0.0
2020-11-03,66.34991,-1,26.940000534057617,27.01000022888184,26.450000762939453,7241300,26.71999931335449,0,0,0,1,266.0,26.26000022888184,6985.160060882569,2,122.35975646972467,0.02,114.49024200439003,10114.490242004387,0.01224561234932442
2020-11-04,64.107216,-1,27.1200008392334,27.6299991607666,26.690000534057617,5982500,27.440000534057617,0,0,1,0,-258.0,27.440000534057617,7079.520137786865,1,0.0,0.0,114.49024200439003,10114.490242004387,0.0
2020-11-05,65.32513,-1,27.40999984741211,27.700000762939453,27.07999992370605,5115000,27.15999984741211,0,0,0,0,-258.0,27.440000534057617,7079.520137786865,2,0.0,0.0,114.49024200439003,10186.730419158928,0.007142245968515093
2020-11-06,64.22365,-1,26.82999992370605,26.8700008392334,26.200000762939453,5117700,26.46999931335449,0,0,0,0,-258.0,27.440000534057617,7079.520137786865,3,0.0,0.0,114.49024200439003,10364.750556945794,0.017475689496214475
2020-11-09,60.02322,1,28.59000015258789,28.81999969482422,28.059999465942383,9840300,28.06999969482422,0,1,0,0,-258.0,27.440000534057617,7079.520137786865,4,-162.5397834777832,-0.02,-48.04954147339318,9951.950458526604,-0.03982730661497269
2020-11-10,63.1775,0,28.65999984741211,28.96999931335449,28.46999931335449,6602400,28.90999984741211,0,0,0,0,0.0,28.90999984741211,0.0,0,0.0,0.0,-48.04954147339318,9951.950458526604,0.0
2020-11-11,64.9151,-1,29.700000762939453,29.75,28.920000076293945,6376600,29.040000915527344,0,0,1,0,-239.0,29.040000915527344,6940.560218811035,1,0.0,0.0,-48.04954147339318,9951.950458526604,0.0
2020-11-12,64.6809,0,29.209999084472656,29.440000534057617,28.6200008392334,6070900,28.65999984741211,0,0,0,0,-239.0,29.040000915527344,6940.560218811035,2,0.0,0.0,-48.04954147339318,10042.770713806145,0.009125874938588296
2020-11-13,60.928574,1,28.520000457763672,28.56999969482422,28.059999465942383,4367600,28.1299991607666,0,1,0,0,-239.0,29.040000915527344,6940.560218811035,3,217.49041938781738,0.03,169.44087791442422,10169.440877914421,0.012613069412621192
2020-11-16,61.25509,1,29.1200008392334,29.170000076293945,28.65999984741211,4576600,28.809999465942383,1,0,0,0,247.0,28.809999465942383,7116.069868087769,1,0.0,0.0,169.44087791442422,10169.440877914421,0.0
2020-11-17,63.66028,1,28.56999969482422,29.020000457763672,28.479999542236328,3613700,28.8700008392334,0,0,0,0,247.0,28.809999465942383,7116.069868087769,2,0.0,0.0,169.44087791442422,10184.261217117302,0.0014573406129994027
2020-11-18,66.50536,0,29.06999969482422,29.36000061035156,28.959999084472656,4112100,29.0,0,0,0,0,247.0,28.809999465942383,7116.069868087769,3,0.0,0.0,169.44087791442422,10216.371009826653,0.003152883849383281
2020-11-19,67.5941,0,28.93000030517578,29.13999938964844,28.75,2934300,29.09000015258789,0,0,0,0,247.0,28.809999465942383,7116.069868087769,4,0.0,0.0,169.44087791442422,10238.601047515862,0.002175923101052968
2020-11-20,65.882095,1,28.93000030517578,29.36000061035156,28.920000076293945,4907100,29.270000457763672,0,0,0,0,247.0,28.809999465942383,7116.069868087769,5,0.0,0.0,169.44087791442422,10283.06112289428,0.004342397479117022
2020-11-23,66.77196,0,29.57999992370605,29.71999931335449,29.40999984741211,4398000,29.520000457763672,0,0,0,0,247.0,28.809999465942383,7116.069868087769,6,0.0,0.0,169.44087791442422,10344.81112289428,0.006005021195733207
2020-11-24,67.533714,0,30.229999542236328,31.030000686645508,30.209999084472656,9091700,30.799999237060547,0,0,0,0,247.0,28.809999465942383,7116.069868087769,7,0.0,0.0,169.44087791442422,10660.970821380608,0.030562152825258426
2020-11-25,68.54854,-1,31.299999237060547,31.68000030517578,31.020000457763672,5865600,31.3700008392334,0,0,0,1,247.0,28.809999465942383,7116.069868087769,8,632.3203392028809,0.09,801.761217117305,10801.761217117302,0.013206151493664997
2020-11-27,69.03776,-1,31.1200008392334,31.36000061035156,31.030000686645508,2904900,31.21999931335449,0,0,1,0,-242.0,31.21999931335449,7555.239833831786,1,0.0,0.0,801.761217117305,10801.761217117302,0.0
2020-11-30,66.74946,0,31.1200008392334,31.290000915527344,30.68000030517578,6778500,30.96999931335449,0,0,0,0,-242.0,31.21999931335449,7555.239833831786,2,0.0,0.0,801.761217117305,10862.261217117302,0.0056009384751189994
2020-12-01,65.91298,1,30.920000076293945,30.959999084472656,30.34000015258789,4543100,30.6200008392334,0,1,0,0,-242.0,31.21999931335449,7555.239833831786,3,145.19963073730383,0.02,946.9608478546088,10946.960847854607,0.0077976057695823275
2020-12-02,65.80225,1,30.57999992370605,31.43000030517578,30.57999992370605,7064300,30.96999931335449,1,0,0,0,247.0,30.96999931335449,7649.589830398559,1,0.0,0.0,946.9608478546088,10946.960847854607,0.0
2020-12-03,66.3964,1,30.88999938964844,31.36000061035156,30.809999465942383,5559700,31.25,0,0,0,0,247.0,30.96999931335449,7649.589830398559,2,0.0,0.0,946.9608478546088,11016.121017456047,0.006317750703839886
2020-12-04,67.36164,1,31.309999465942383,31.739999771118164,31.280000686645508,6930200,31.559999465942383,0,0,0,0,247.0,30.96999931335449,7649.589830398559,3,0.0,0.0,946.9608478546088,11092.690885543816,0.006950710505670532
2020-12-07,68.524315,1,31.440000534057617,31.8700008392334,31.309999465942383,4785400,31.399999618530277,0,0,0,0,247.0,30.96999931335449,7649.589830398559,4,0.0,0.0,946.9608478546088,11053.170923233027,-0.003562702929213679
2020-12-08,69.79874,-1,31.21999931335449,31.46999931335449,31.040000915527344,3786000,31.40999984741211,0,0,0,1,247.0,30.96999931335449,7649.589830398559,5,108.68013191223233,0.01,1055.6409797668412,11055.640979766838,0.0002234704005725785
2020-12-09,68.88568,-1,31.549999237060547,31.65999984741211,30.89999961853028,7632800,31.34000015258789,0,0,1,0,-246.0,31.34000015258789,7709.640037536621,1,0.0,0.0,1055.6409797668412,11055.640979766838,0.0
2020-12-10,67.70637,1,31.84000015258789,32.650001525878906,31.82999992370605,7572000,32.11000061035156,0,1,0,0,-246.0,31.34000015258789,7709.640037536621,2,-189.42011260986328,-0.02,866.2208671569779,10866.220867156975,-0.017133345136344902
2020-12-11,67.436005,1,32.029998779296875,32.130001068115234,31.770000457763672,3394000,31.940000534057617,1,0,0,0,238.0,31.940000534057617,7601.720127105713,1,0.0,0.0,866.2208671569779,10866.220867156975,0.0
2020-12-14,69.20915,-1,32.13999938964844,32.22999954223633,31.3700008392334,4877200,32.16999816894531,0,0,0,1,238.0,31.940000534057617,7601.720127105713,2,54.739437103271484,0.01,920.9603042602494,10920.960304260247,0.0050375781766704986
2020-12-15,68.4234,-1,32.31999969482422,32.619998931884766,32.25,3509400,32.540000915527344,0,0,1,0,-234.0,32.540000915527344,7614.360214233398,1,0.0,0.0,920.9603042602494,10920.960304260247,0.0
2020-12-16,66.753296,1,32.54999923706055,32.810001373291016,32.31999969482422,4349300,32.7400016784668,0,1,0,0,-234.0,32.540000915527344,7614.360214233398,2,-46.80017852783203,-0.01,874.1601257324173,10874.160125732415,-0.004285353780617229
2020-12-17,67.591,1,33.0099983215332,33.22999954223633,32.91999816894531,4534000,33.15999984741211,1,0,0,0,229.0,33.15999984741211,7593.639965057373,1,0.0,0.0,874.1601257324173,10874.160125732415,0.0
2020-12-18,69.26551,1,33.33000183105469,33.66999816894531,33.2599983215332,4759000,33.47999954223633,0,0,0,0,229.0,33.15999984741211,7593.639965057373,2,0.0,0.0,874.1601257324173,10947.44005584716,0.006738904822758407
2020-12-21,69.58077,1,32.18000030517578,32.84000015258789,32.119998931884766,6144300,32.63999938964844,0,0,0,0,229.0,33.15999984741211,7593.639965057373,3,0.0,0.0,874.1601257324173,10755.080020904534,-0.017571234367242283
2020-12-22,70.8934,1,32.279998779296875,32.470001220703125,32.0,3749600,32.09000015258789,0,0,0,0,229.0,33.15999984741211,7593.639965057373,4,0.0,0.0,874.1601257324173,10629.130195617669,-0.011710728794398384
2020-12-23,72.916405,1,32.33000183105469,33.08000183105469,32.33000183105469,5077500,32.75,0,0,0,0,229.0,33.15999984741211,7593.639965057373,5,0.0,0.0,874.1601257324173,10780.270160675042,0.014219410457469772
2020-12-24,74.95998,0,32.65999984741211,32.91999816894531,32.56999969482422,1694300,32.91999816894531,0,0,0,0,229.0,33.15999984741211,7593.639965057373,6,0.0,0.0,874.1601257324173,10819.199741363518,0.003611187855985909
2020-12-28,74.06118,0,32.880001068115234,33.04999923706055,32.5099983215332,4917500,32.59000015258789,0,0,0,0,229.0,33.15999984741211,7593.639965057373,7,0.0,0.0,874.1601257324173,10743.630195617669,-0.006984762972527037
2020-12-29,74.74672,0,32.95000076293945,32.9900016784668,32.65999984741211,3631000,32.779998779296875,0,0,0,0,229.0,33.15999984741211,7593.639965057373,8,0.0,0.0,874.1601257324173,10787.139881134026,0.0040498122817094195
2020-12-30,74.46748,0,32.58000183105469,33.220001220703125,32.54999923706055,4840000,32.90999984741211,0,0,0,0,229.0,33.15999984741211,7593.639965057373,9,0.0,0.0,874.1601257324173,10816.910125732415,0.002759790354666114
